fetched_at,match_time,match_date,home_team,away_team,home_status,away_status,team,side,pos,name,player_id,status,profile_url
2026-06-25T15:04:00Z,June 254:00 PM ET,2026-06-25,CUW,CIV,Predicted Lineup,Predicted Lineup,CUW,home,GK,Eloy Room,26699,,https://www.rotowire.com/soccer/player/eloy-room-26699
2026-06-25T15:04:00Z,June 254:00 PM ET,2026-06-25,CUW,CIV,Predicted Lineup,Predicted Lineup,CUW,home,DL,Deveron Fonville,47983,,https://www.rotowire.com/soccer/player/deveron-fonville-47983
2026-06-25T15:04:00Z,June 254:00 PM ET,2026-06-25,CUW,CIV,Predicted Lineup,Predicted Lineup,CUW,home,DC,Sherel Floranus,47985,,https://www.rotowire.com/soccer/player/sherel-floranus-47985
2026-06-25T15:04:00Z,June 254:00 PM ET,2026-06-25,CUW,CIV,Predicted Lineup,Predicted Lineup,CUW,home,DC,Jurien Gaari,28674,,https://www.rotowire.com/soccer/player/jurien-gaari-28674
2026-06-25T15:04:00Z,June 254:00 PM ET,2026-06-25,CUW,CIV,Predicted Lineup,Predicted Lineup,CUW,home,DC,Armando Obispo,26702,,https://www.rotowire.com/soccer/player/armando-obispo-26702
2026-06-25T15:04:00Z,June 254:00 PM ET,2026-06-25,CUW,CIV,Predicted Lineup,Predicted Lineup,CUW,home,DR,Joshua Brenet,19447,,https://www.rotowire.com/soccer/player/joshua-brenet-19447
2026-06-25T15:04:00Z,June 254:00 PM ET,2026-06-25,CUW,CIV,Predicted Lineup,Predicted Lineup,CUW,home,ML,Juninho Bacuna,26180,,https://www.rotowire.com/soccer/player/juninho-bacuna-26180
2026-06-25T15:04:00Z,June 254:00 PM ET,2026-06-25,CUW,CIV,Predicted Lineup,Predicted Lineup,CUW,home,MC,Livano Comenencia,40337,,https://www.rotowire.com/soccer/player/livano-comenencia-40337
2026-06-25T15:04:00Z,June 254:00 PM ET,2026-06-25,CUW,CIV,Predicted Lineup,Predicted Lineup,CUW,home,MC,Leandro Bacuna,17113,,https://www.rotowire.com/soccer/player/leandro-bacuna-17113
2026-06-25T15:04:00Z,June 254:00 PM ET,2026-06-25,CUW,CIV,Predicted Lineup,Predicted Lineup,CUW,home,MR,Tahith Chong,26966,,https://www.rotowire.com/soccer/player/tahith-chong-26966
2026-06-25T15:04:00Z,June 254:00 PM ET,2026-06-25,CUW,CIV,Predicted Lineup,Predicted Lineup,CUW,home,FW,Jurgen Locadia,19470,,https://www.rotowire.com/soccer/player/jurgen-locadia-19470
2026-06-25T15:04:00Z,June 254:00 PM ET,2026-06-25,CUW,CIV,Predicted Lineup,Predicted Lineup,CIV,away,GK,Yahia Fofana,37069,,https://www.rotowire.com/soccer/player/yahia-fofana-37069
2026-06-25T15:04:00Z,June 254:00 PM ET,2026-06-25,CUW,CIV,Predicted Lineup,Predicted Lineup,CIV,away,DL,Ghislain Konan,26529,,https://www.rotowire.com/soccer/player/ghislain-konan-26529
2026-06-25T15:04:00Z,June 254:00 PM ET,2026-06-25,CUW,CIV,Predicted Lineup,Predicted Lineup,CIV,away,DC,Ousmane Diomande,38747,,https://www.rotowire.com/soccer/player/ousmane-diomande-38747
2026-06-25T15:04:00Z,June 254:00 PM ET,2026-06-25,CUW,CIV,Predicted Lineup,Predicted Lineup,CIV,away,DC,Odilon Kossounou,29818,,https://www.rotowire.com/soccer/player/odilon-kossounou-29818
2026-06-25T15:04:00Z,June 254:00 PM ET,2026-06-25,CUW,CIV,Predicted Lineup,Predicted Lineup,CIV,away,DR,Guela Doue,37601,,https://www.rotowire.com/soccer/player/guela-doue-37601
2026-06-25T15:04:00Z,June 254:00 PM ET,2026-06-25,CUW,CIV,Predicted Lineup,Predicted Lineup,CIV,away,ML,Yan Diomande,46409,,https://www.rotowire.com/soccer/player/yan-diomande-46409
2026-06-25T15:04:00Z,June 254:00 PM ET,2026-06-25,CUW,CIV,Predicted Lineup,Predicted Lineup,CIV,away,MC,Christ Inao Oulai,47978,,https://www.rotowire.com/soccer/player/christ-inao-oulai-47978
2026-06-25T15:04:00Z,June 254:00 PM ET,2026-06-25,CUW,CIV,Predicted Lineup,Predicted Lineup,CIV,away,MC,Franck Kessie,21954,,https://www.rotowire.com/soccer/player/franck-kessie-21954
2026-06-25T15:04:00Z,June 254:00 PM ET,2026-06-25,CUW,CIV,Predicted Lineup,Predicted Lineup,CIV,away,MR,Amad Diallo,30618,,https://www.rotowire.com/soccer/player/amad-diallo-30618
2026-06-25T15:04:00Z,June 254:00 PM ET,2026-06-25,CUW,CIV,Predicted Lineup,Predicted Lineup,CIV,away,FW,Nicolas Pepe,21915,,https://www.rotowire.com/soccer/player/nicolas-pepe-21915
2026-06-25T15:04:00Z,June 254:00 PM ET,2026-06-25,CUW,CIV,Predicted Lineup,Predicted Lineup,CIV,away,FW,Ange-Yoan Bonny,43493,,https://www.rotowire.com/soccer/player/ange-yoan-bonny-43493
2026-06-25T15:04:00Z,June 254:00 PM ET,2026-06-25,ECU,GER,Predicted Lineup,Predicted Lineup,ECU,home,GK,Hernan Galindez,38186,,https://www.rotowire.com/soccer/player/hernan-galindez-38186
2026-06-25T15:04:00Z,June 254:00 PM ET,2026-06-25,ECU,GER,Predicted Lineup,Predicted Lineup,ECU,home,DC,Willian Pacho,38233,,https://www.rotowire.com/soccer/player/willian-pacho-38233
2026-06-25T15:04:00Z,June 254:00 PM ET,2026-06-25,ECU,GER,Predicted Lineup,Predicted Lineup,ECU,home,DC,Joel Ordonez,37804,,https://www.rotowire.com/soccer/player/joel-ordonez-37804
2026-06-25T15:04:00Z,June 254:00 PM ET,2026-06-25,ECU,GER,Predicted Lineup,Predicted Lineup,ECU,home,DC,Piero Hincapie,35552,,https://www.rotowire.com/soccer/player/piero-hincapie-35552
2026-06-25T15:04:00Z,June 254:00 PM ET,2026-06-25,ECU,GER,Predicted Lineup,Predicted Lineup,ECU,home,ML,Alan Minda,47997,,https://www.rotowire.com/soccer/player/alan-minda-47997
2026-06-25T15:04:00Z,June 254:00 PM ET,2026-06-25,ECU,GER,Predicted Lineup,Predicted Lineup,ECU,home,MC,Jordy Alcivar,36097,,https://www.rotowire.com/soccer/player/jordy-alcivar-36097
2026-06-25T15:04:00Z,June 254:00 PM ET,2026-06-25,ECU,GER,Predicted Lineup,Predicted Lineup,ECU,home,MC,Moises Caicedo,34431,,https://www.rotowire.com/soccer/player/moises-caicedo-34431
2026-06-25T15:04:00Z,June 254:00 PM ET,2026-06-25,ECU,GER,Predicted Lineup,Predicted Lineup,ECU,home,MC,Pedro Vite,35484,,https://www.rotowire.com/soccer/player/pedro-vite-35484
2026-06-25T15:04:00Z,June 254:00 PM ET,2026-06-25,ECU,GER,Predicted Lineup,Predicted Lineup,ECU,home,MR,John Yeboah,26970,,https://www.rotowire.com/soccer/player/john-yeboah-26970
2026-06-25T15:04:00Z,June 254:00 PM ET,2026-06-25,ECU,GER,Predicted Lineup,Predicted Lineup,ECU,home,FW,Gonzalo Plata,29989,,https://www.rotowire.com/soccer/player/gonzalo-plata-29989
2026-06-25T15:04:00Z,June 254:00 PM ET,2026-06-25,ECU,GER,Predicted Lineup,Predicted Lineup,ECU,home,FW,Enner Valencia,17697,,https://www.rotowire.com/soccer/player/enner-valencia-17697
2026-06-25T15:04:00Z,June 254:00 PM ET,2026-06-25,ECU,GER,Predicted Lineup,Predicted Lineup,GER,away,GK,Manuel Neuer,16146,,https://www.rotowire.com/soccer/player/manuel-neuer-16146
2026-06-25T15:04:00Z,June 254:00 PM ET,2026-06-25,ECU,GER,Predicted Lineup,Predicted Lineup,GER,away,DL,David Raum,35002,,https://www.rotowire.com/soccer/player/david-raum-35002
2026-06-25T15:04:00Z,June 254:00 PM ET,2026-06-25,ECU,GER,Predicted Lineup,Predicted Lineup,GER,away,DC,Antonio Rudiger,19179,,https://www.rotowire.com/soccer/player/antonio-rudiger-19179
2026-06-25T15:04:00Z,June 254:00 PM ET,2026-06-25,ECU,GER,Predicted Lineup,Predicted Lineup,GER,away,DC,Jonathan Tah,19360,,https://www.rotowire.com/soccer/player/jonathan-tah-19360
2026-06-25T15:04:00Z,June 254:00 PM ET,2026-06-25,ECU,GER,Predicted Lineup,Predicted Lineup,GER,away,DR,Joshua Kimmich,19296,,https://www.rotowire.com/soccer/player/joshua-kimmich-19296
2026-06-25T15:04:00Z,June 254:00 PM ET,2026-06-25,ECU,GER,Predicted Lineup,Predicted Lineup,GER,away,DMC,Felix Nmecha,27147,,https://www.rotowire.com/soccer/player/felix-nmecha-27147
2026-06-25T15:04:00Z,June 254:00 PM ET,2026-06-25,ECU,GER,Predicted Lineup,Predicted Lineup,GER,away,DMC,Aleksandar Pavlovic,39554,,https://www.rotowire.com/soccer/player/aleksandar-pavlovic-39554
2026-06-25T15:04:00Z,June 254:00 PM ET,2026-06-25,ECU,GER,Predicted Lineup,Predicted Lineup,GER,away,AML,Florian Wirtz,32412,,https://www.rotowire.com/soccer/player/florian-wirtz-32412
2026-06-25T15:04:00Z,June 254:00 PM ET,2026-06-25,ECU,GER,Predicted Lineup,Predicted Lineup,GER,away,AMC,Jamal Musiala,32430,,https://www.rotowire.com/soccer/player/jamal-musiala-32430
2026-06-25T15:04:00Z,June 254:00 PM ET,2026-06-25,ECU,GER,Predicted Lineup,Predicted Lineup,GER,away,AMR,Leroy Sane,18473,,https://www.rotowire.com/soccer/player/leroy-sane-18473
2026-06-25T15:04:00Z,June 254:00 PM ET,2026-06-25,ECU,GER,Predicted Lineup,Predicted Lineup,GER,away,FW,Kai Havertz,23157,,https://www.rotowire.com/soccer/player/kai-havertz-23157
2026-06-25T15:04:00Z,June 257:00 PM ET,2026-06-25,TUN,NED,Predicted Lineup,Predicted Lineup,TUN,home,GK,Abdelmouhib Chamakh,48143,,https://www.rotowire.com/soccer/player/abdelmouhib-chamakh-48143
2026-06-25T15:04:00Z,June 257:00 PM ET,2026-06-25,TUN,NED,Predicted Lineup,Predicted Lineup,TUN,home,DC,Montassar Talbi,31610,,https://www.rotowire.com/soccer/player/montassar-talbi-31610
2026-06-25T15:04:00Z,June 257:00 PM ET,2026-06-25,TUN,NED,Predicted Lineup,Predicted Lineup,TUN,home,DC,Omar Rekik,32442,,https://www.rotowire.com/soccer/player/omar-rekik-32442
2026-06-25T15:04:00Z,June 257:00 PM ET,2026-06-25,TUN,NED,Predicted Lineup,Predicted Lineup,TUN,home,DC,Dylan Bronn,25891,,https://www.rotowire.com/soccer/player/dylan-bronn-25891
2026-06-25T15:04:00Z,June 257:00 PM ET,2026-06-25,TUN,NED,Predicted Lineup,Predicted Lineup,TUN,home,ML,Ali El Abdi,38181,,https://www.rotowire.com/soccer/player/ali-el-abdi-38181
2026-06-25T15:04:00Z,June 257:00 PM ET,2026-06-25,TUN,NED,Predicted Lineup,Predicted Lineup,TUN,home,MC,Ellyes Skhiri,20303,,https://www.rotowire.com/soccer/player/ellyes-skhiri-20303
2026-06-25T15:04:00Z,June 257:00 PM ET,2026-06-25,TUN,NED,Predicted Lineup,Predicted Lineup,TUN,home,MC,Rani Khedira,21666,,https://www.rotowire.com/soccer/player/rani-khedira-21666
2026-06-25T15:04:00Z,June 257:00 PM ET,2026-06-25,TUN,NED,Predicted Lineup,Predicted Lineup,TUN,home,MR,Yan Valery,26474,,https://www.rotowire.com/soccer/player/yan-valery-26474
2026-06-25T15:04:00Z,June 257:00 PM ET,2026-06-25,TUN,NED,Predicted Lineup,Predicted Lineup,TUN,home,AMC,Hannibal,34718,,https://www.rotowire.com/soccer/player/hannibal-34718
2026-06-25T15:04:00Z,June 257:00 PM ET,2026-06-25,TUN,NED,Predicted Lineup,Predicted Lineup,TUN,home,AMC,Elias Saad,43966,,https://www.rotowire.com/soccer/player/elias-saad-43966
2026-06-25T15:04:00Z,June 257:00 PM ET,2026-06-25,TUN,NED,Predicted Lineup,Predicted Lineup,TUN,home,FW,Firas Chaouat,48131,,https://www.rotowire.com/soccer/player/firas-chaouat-48131
2026-06-25T15:04:00Z,June 257:00 PM ET,2026-06-25,TUN,NED,Predicted Lineup,Predicted Lineup,NED,away,GK,Bart Verbruggen,39728,,https://www.rotowire.com/soccer/player/bart-verbruggen-39728
2026-06-25T15:04:00Z,June 257:00 PM ET,2026-06-25,TUN,NED,Predicted Lineup,Predicted Lineup,NED,away,DL,Micky van de Ven,35610,,https://www.rotowire.com/soccer/player/micky-van-de-ven-35610
2026-06-25T15:04:00Z,June 257:00 PM ET,2026-06-25,TUN,NED,Predicted Lineup,Predicted Lineup,NED,away,DC,Jan Paul van Hecke,33114,,https://www.rotowire.com/soccer/player/jan-paul-van-hecke-33114
2026-06-25T15:04:00Z,June 257:00 PM ET,2026-06-25,TUN,NED,Predicted Lineup,Predicted Lineup,NED,away,DC,Virgil van Dijk,19194,,https://www.rotowire.com/soccer/player/virgil-van-dijk-19194
2026-06-25T15:04:00Z,June 257:00 PM ET,2026-06-25,TUN,NED,Predicted Lineup,Predicted Lineup,NED,away,DR,Denzel Dumfries,26703,,https://www.rotowire.com/soccer/player/denzel-dumfries-26703
2026-06-25T15:04:00Z,June 257:00 PM ET,2026-06-25,TUN,NED,Predicted Lineup,Predicted Lineup,NED,away,MC,Frenkie de Jong,26869,,https://www.rotowire.com/soccer/player/frenkie-de-jong-26869
2026-06-25T15:04:00Z,June 257:00 PM ET,2026-06-25,TUN,NED,Predicted Lineup,Predicted Lineup,NED,away,MC,Tijjani Reijnders,29937,,https://www.rotowire.com/soccer/player/tijjani-reijnders-29937
2026-06-25T15:04:00Z,June 257:00 PM ET,2026-06-25,TUN,NED,Predicted Lineup,Predicted Lineup,NED,away,MC,Ryan Gravenberch,30875,,https://www.rotowire.com/soccer/player/ryan-gravenberch-30875
2026-06-25T15:04:00Z,June 257:00 PM ET,2026-06-25,TUN,NED,Predicted Lineup,Predicted Lineup,NED,away,FWL,Cody Gakpo,26727,,https://www.rotowire.com/soccer/player/cody-gakpo-26727
2026-06-25T15:04:00Z,June 257:00 PM ET,2026-06-25,TUN,NED,Predicted Lineup,Predicted Lineup,NED,away,FWR,Donyell Malen,19146,,https://www.rotowire.com/soccer/player/donyell-malen-19146
2026-06-25T15:04:00Z,June 257:00 PM ET,2026-06-25,TUN,NED,Predicted Lineup,Predicted Lineup,NED,away,FW,Memphis Depay,17770,,https://www.rotowire.com/soccer/player/memphis-depay-17770
2026-06-25T15:04:00Z,June 257:00 PM ET,2026-06-25,JPN,SWE,Predicted Lineup,Predicted Lineup,JPN,home,GK,Zion Suzuki,35017,,https://www.rotowire.com/soccer/player/zion-suzuki-35017
2026-06-25T15:04:00Z,June 257:00 PM ET,2026-06-25,JPN,SWE,Predicted Lineup,Predicted Lineup,JPN,home,DC,Shogo Taniguchi,38243,,https://www.rotowire.com/soccer/player/shogo-taniguchi-38243
2026-06-25T15:04:00Z,June 257:00 PM ET,2026-06-25,JPN,SWE,Predicted Lineup,Predicted Lineup,JPN,home,DC,Junnosuke Suzuki,47012,,https://www.rotowire.com/soccer/player/junnosuke-suzuki-47012
2026-06-25T15:04:00Z,June 257:00 PM ET,2026-06-25,JPN,SWE,Predicted Lineup,Predicted Lineup,JPN,home,DC,Tsuyoshi Watanabe,47148,,https://www.rotowire.com/soccer/player/tsuyoshi-watanabe-47148
2026-06-25T15:04:00Z,June 257:00 PM ET,2026-06-25,JPN,SWE,Predicted Lineup,Predicted Lineup,JPN,home,ML,Daizen Maeda,29012,,https://www.rotowire.com/soccer/player/daizen-maeda-29012
2026-06-25T15:04:00Z,June 257:00 PM ET,2026-06-25,JPN,SWE,Predicted Lineup,Predicted Lineup,JPN,home,MC,Ao Tanaka,35018,,https://www.rotowire.com/soccer/player/ao-tanaka-35018
2026-06-25T15:04:00Z,June 257:00 PM ET,2026-06-25,JPN,SWE,Predicted Lineup,Predicted Lineup,JPN,home,MC,Kaishu Sano,43470,,https://www.rotowire.com/soccer/player/kaishu-sano-43470
2026-06-25T15:04:00Z,June 257:00 PM ET,2026-06-25,JPN,SWE,Predicted Lineup,Predicted Lineup,JPN,home,MR,Yukinari Sugawara,29960,,https://www.rotowire.com/soccer/player/yukinari-sugawara-29960
2026-06-25T15:04:00Z,June 257:00 PM ET,2026-06-25,JPN,SWE,Predicted Lineup,Predicted Lineup,JPN,home,AMC,Yuito Suzuki,38722,,https://www.rotowire.com/soccer/player/yuito-suzuki-38722
2026-06-25T15:04:00Z,June 257:00 PM ET,2026-06-25,JPN,SWE,Predicted Lineup,Predicted Lineup,JPN,home,AMC,Ritsu Doan,28528,,https://www.rotowire.com/soccer/player/ritsu-doan-28528
2026-06-25T15:04:00Z,June 257:00 PM ET,2026-06-25,JPN,SWE,Predicted Lineup,Predicted Lineup,JPN,home,FW,Koki Ogawa,48037,,https://www.rotowire.com/soccer/player/koki-ogawa-48037
2026-06-25T15:04:00Z,June 257:00 PM ET,2026-06-25,JPN,SWE,Predicted Lineup,Predicted Lineup,SWE,away,GK,Kristoffer Nordfeldt,19164,,https://www.rotowire.com/soccer/player/kristoffer-nordfeldt-19164
2026-06-25T15:04:00Z,June 257:00 PM ET,2026-06-25,JPN,SWE,Predicted Lineup,Predicted Lineup,SWE,away,DC,Victor Lindelof,18234,,https://www.rotowire.com/soccer/player/victor-lindelof-18234
2026-06-25T15:04:00Z,June 257:00 PM ET,2026-06-25,JPN,SWE,Predicted Lineup,Predicted Lineup,SWE,away,DC,Gustaf Lagerbielke,40531,,https://www.rotowire.com/soccer/player/gustaf-lagerbielke-40531
2026-06-25T15:04:00Z,June 257:00 PM ET,2026-06-25,JPN,SWE,Predicted Lineup,Predicted Lineup,SWE,away,DC,Isak Hien,37650,,https://www.rotowire.com/soccer/player/isak-hien-37650
2026-06-25T15:04:00Z,June 257:00 PM ET,2026-06-25,JPN,SWE,Predicted Lineup,Predicted Lineup,SWE,away,ML,Gabriel Gudmundsson,35627,,https://www.rotowire.com/soccer/player/gabriel-gudmundsson-35627
2026-06-25T15:04:00Z,June 257:00 PM ET,2026-06-25,JPN,SWE,Predicted Lineup,Predicted Lineup,SWE,away,MC,Yasin Ayari,38732,,https://www.rotowire.com/soccer/player/yasin-ayari-38732
2026-06-25T15:04:00Z,June 257:00 PM ET,2026-06-25,JPN,SWE,Predicted Lineup,Predicted Lineup,SWE,away,MC,Jesper Karlstrom,44015,,https://www.rotowire.com/soccer/player/jesper-karlstrom-44015
2026-06-25T15:04:00Z,June 257:00 PM ET,2026-06-25,JPN,SWE,Predicted Lineup,Predicted Lineup,SWE,away,MR,Alexander Bernhardsson,43990,,https://www.rotowire.com/soccer/player/alexander-bernhardsson-43990
2026-06-25T15:04:00Z,June 257:00 PM ET,2026-06-25,JPN,SWE,Predicted Lineup,Predicted Lineup,SWE,away,AMC,Benjamin Nygren,29816,,https://www.rotowire.com/soccer/player/benjamin-nygren-29816
2026-06-25T15:04:00Z,June 257:00 PM ET,2026-06-25,JPN,SWE,Predicted Lineup,Predicted Lineup,SWE,away,FW,Alexander Isak,23369,,https://www.rotowire.com/soccer/player/alexander-isak-23369
2026-06-25T15:04:00Z,June 257:00 PM ET,2026-06-25,JPN,SWE,Predicted Lineup,Predicted Lineup,SWE,away,FW,Viktor Gyokeres,26991,,https://www.rotowire.com/soccer/player/viktor-gyokeres-26991
2026-06-25T15:04:00Z,June 2510:00 PM ET,2026-06-25,PAR,AUS,Predicted Lineup,Predicted Lineup,PAR,home,GK,Orlando Gill,48082,,https://www.rotowire.com/soccer/player/orlando-gill-48082
2026-06-25T15:04:00Z,June 2510:00 PM ET,2026-06-25,PAR,AUS,Predicted Lineup,Predicted Lineup,PAR,home,DL,Junior Alonso,23460,,https://www.rotowire.com/soccer/player/junior-alonso-23460
2026-06-25T15:04:00Z,June 2510:00 PM ET,2026-06-25,PAR,AUS,Predicted Lineup,Predicted Lineup,PAR,home,DC,Omar Alderete,30131,,https://www.rotowire.com/soccer/player/omar-alderete-30131
2026-06-25T15:04:00Z,June 2510:00 PM ET,2026-06-25,PAR,AUS,Predicted Lineup,Predicted Lineup,PAR,home,DC,Gustavo Gomez,21256,,https://www.rotowire.com/soccer/player/gustavo-gomez-21256
2026-06-25T15:04:00Z,June 2510:00 PM ET,2026-06-25,PAR,AUS,Predicted Lineup,Predicted Lineup,PAR,home,DR,Juan Jose Caceres,48081,,https://www.rotowire.com/soccer/player/juan-jose-caceres-48081
2026-06-25T15:04:00Z,June 2510:00 PM ET,2026-06-25,PAR,AUS,Predicted Lineup,Predicted Lineup,PAR,home,ML,Mauricio,28887,,https://www.rotowire.com/soccer/player/mauricio-28887
2026-06-25T15:04:00Z,June 2510:00 PM ET,2026-06-25,PAR,AUS,Predicted Lineup,Predicted Lineup,PAR,home,MC,Andres Cubas,23445,,https://www.rotowire.com/soccer/player/andres-cubas-23445
2026-06-25T15:04:00Z,June 2510:00 PM ET,2026-06-25,PAR,AUS,Predicted Lineup,Predicted Lineup,PAR,home,MC,Matias Galarza,47876,,https://www.rotowire.com/soccer/player/matias-galarza-47876
2026-06-25T15:04:00Z,June 2510:00 PM ET,2026-06-25,PAR,AUS,Predicted Lineup,Predicted Lineup,PAR,home,MR,Diego Gomez,39929,,https://www.rotowire.com/soccer/player/diego-gomez-39929
2026-06-25T15:04:00Z,June 2510:00 PM ET,2026-06-25,PAR,AUS,Predicted Lineup,Predicted Lineup,PAR,home,FW,Gabriel Avalos,48077,,https://www.rotowire.com/soccer/player/gabriel-avalos-48077
2026-06-25T15:04:00Z,June 2510:00 PM ET,2026-06-25,PAR,AUS,Predicted Lineup,Predicted Lineup,PAR,home,FW,Julio Enciso,37012,,https://www.rotowire.com/soccer/player/julio-enciso-37012
2026-06-25T15:04:00Z,June 2510:00 PM ET,2026-06-25,PAR,AUS,Predicted Lineup,Predicted Lineup,AUS,away,GK,Patrick Beach,47956,,https://www.rotowire.com/soccer/player/patrick-beach-47956
2026-06-25T15:04:00Z,June 2510:00 PM ET,2026-06-25,PAR,AUS,Predicted Lineup,Predicted Lineup,AUS,away,DL,Jordan Bos,47231,,https://www.rotowire.com/soccer/player/jordan-bos-47231
2026-06-25T15:04:00Z,June 2510:00 PM ET,2026-06-25,PAR,AUS,Predicted Lineup,Predicted Lineup,AUS,away,DC,Cameron Burgess,40154,,https://www.rotowire.com/soccer/player/cameron-burgess-40154
2026-06-25T15:04:00Z,June 2510:00 PM ET,2026-06-25,PAR,AUS,Predicted Lineup,Predicted Lineup,AUS,away,DC,Alessandro Circati,43483,,https://www.rotowire.com/soccer/player/alessandro-circati-43483
2026-06-25T15:04:00Z,June 2510:00 PM ET,2026-06-25,PAR,AUS,Predicted Lineup,Predicted Lineup,AUS,away,DC,Harry Souttar,25275,,https://www.rotowire.com/soccer/player/harry-souttar-25275
2026-06-25T15:04:00Z,June 2510:00 PM ET,2026-06-25,PAR,AUS,Predicted Lineup,Predicted Lineup,AUS,away,DR,Jason Geria,47957,,https://www.rotowire.com/soccer/player/jason-geria-47957
2026-06-25T15:04:00Z,June 2510:00 PM ET,2026-06-25,PAR,AUS,Predicted Lineup,Predicted Lineup,AUS,away,ML,Nestory Irankunda,43843,,https://www.rotowire.com/soccer/player/nestory-irankunda-43843
2026-06-25T15:04:00Z,June 2510:00 PM ET,2026-06-25,PAR,AUS,Predicted Lineup,Predicted Lineup,AUS,away,MC,Paul Okon,47958,,https://www.rotowire.com/soccer/player/paul-okon-47958
2026-06-25T15:04:00Z,June 2510:00 PM ET,2026-06-25,PAR,AUS,Predicted Lineup,Predicted Lineup,AUS,away,MC,Aiden O'Neill,23060,,https://www.rotowire.com/soccer/player/aiden-oneill-23060
2026-06-25T15:04:00Z,June 2510:00 PM ET,2026-06-25,PAR,AUS,Predicted Lineup,Predicted Lineup,AUS,away,MR,Conor Metcalfe,31749,,https://www.rotowire.com/soccer/player/conor-metcalfe-31749
2026-06-25T15:04:00Z,June 2510:00 PM ET,2026-06-25,PAR,AUS,Predicted Lineup,Predicted Lineup,AUS,away,FW,Mohamed Toure,31747,,https://www.rotowire.com/soccer/player/mohamed-toure-31747
2026-06-25T15:04:00Z,June 2510:00 PM ET,2026-06-25,TUR,USA,Predicted Lineup,Predicted Lineup,TUR,home,GK,Ugurcan Cakir,30001,,https://www.rotowire.com/soccer/player/ugurcan-cakir-30001
2026-06-25T15:04:00Z,June 2510:00 PM ET,2026-06-25,TUR,USA,Predicted Lineup,Predicted Lineup,TUR,home,DL,Ferdi Kadioglu,31420,,https://www.rotowire.com/soccer/player/ferdi-kadioglu-31420
2026-06-25T15:04:00Z,June 2510:00 PM ET,2026-06-25,TUR,USA,Predicted Lineup,Predicted Lineup,TUR,home,DC,Merih Demiral,27103,,https://www.rotowire.com/soccer/player/merih-demiral-27103
2026-06-25T15:04:00Z,June 2510:00 PM ET,2026-06-25,TUR,USA,Predicted Lineup,Predicted Lineup,TUR,home,DC,Abdulkerim Bardakci,40562,,https://www.rotowire.com/soccer/player/abdulkerim-bardakci-40562
2026-06-25T15:04:00Z,June 2510:00 PM ET,2026-06-25,TUR,USA,Predicted Lineup,Predicted Lineup,TUR,home,DR,Mert Muldur,29617,,https://www.rotowire.com/soccer/player/mert-muldur-29617
2026-06-25T15:04:00Z,June 2510:00 PM ET,2026-06-25,TUR,USA,Predicted Lineup,Predicted Lineup,TUR,home,DMC,Hakan Calhanoglu,17229,,https://www.rotowire.com/soccer/player/hakan-calhanoglu-17229
2026-06-25T15:04:00Z,June 2510:00 PM ET,2026-06-25,TUR,USA,Predicted Lineup,Predicted Lineup,TUR,home,DMC,Orkun Kokcu,29968,,https://www.rotowire.com/soccer/player/orkun-kokcu-29968
2026-06-25T15:04:00Z,June 2510:00 PM ET,2026-06-25,TUR,USA,Predicted Lineup,Predicted Lineup,TUR,home,AML,Kenan Yildiz,37181,,https://www.rotowire.com/soccer/player/kenan-yildiz-37181
2026-06-25T15:04:00Z,June 2510:00 PM ET,2026-06-25,TUR,USA,Predicted Lineup,Predicted Lineup,TUR,home,AMC,Arda Guler,38040,,https://www.rotowire.com/soccer/player/arda-guler-38040
2026-06-25T15:04:00Z,June 2510:00 PM ET,2026-06-25,TUR,USA,Predicted Lineup,Predicted Lineup,TUR,home,AMR,Baris Yilmaz,40476,,https://www.rotowire.com/soccer/player/baris-yilmaz-40476
2026-06-25T15:04:00Z,June 2510:00 PM ET,2026-06-25,TUR,USA,Predicted Lineup,Predicted Lineup,TUR,home,FW,Deniz Gul,44278,,https://www.rotowire.com/soccer/player/deniz-gul-44278
2026-06-25T15:04:00Z,June 2510:00 PM ET,2026-06-25,TUR,USA,Predicted Lineup,Predicted Lineup,USA,away,GK,Matt Freese,27219,,https://www.rotowire.com/soccer/player/matt-freese-27219
2026-06-25T15:04:00Z,June 2510:00 PM ET,2026-06-25,TUR,USA,Predicted Lineup,Predicted Lineup,USA,away,DL,Auston Trusty,23001,,https://www.rotowire.com/soccer/player/auston-trusty-23001
2026-06-25T15:04:00Z,June 2510:00 PM ET,2026-06-25,TUR,USA,Predicted Lineup,Predicted Lineup,USA,away,DC,Miles Robinson,23335,,https://www.rotowire.com/soccer/player/miles-robinson-23335
2026-06-25T15:04:00Z,June 2510:00 PM ET,2026-06-25,TUR,USA,Predicted Lineup,Predicted Lineup,USA,away,DC,Mark McKenzie,25534,,https://www.rotowire.com/soccer/player/mark-mckenzie-25534
2026-06-25T15:04:00Z,June 2510:00 PM ET,2026-06-25,TUR,USA,Predicted Lineup,Predicted Lineup,USA,away,DR,Alex Freeman,36467,,https://www.rotowire.com/soccer/player/alex-freeman-36467
2026-06-25T15:04:00Z,June 2510:00 PM ET,2026-06-25,TUR,USA,Predicted Lineup,Predicted Lineup,USA,away,DMC,Malik Tillman,32665,,https://www.rotowire.com/soccer/player/malik-tillman-32665
2026-06-25T15:04:00Z,June 2510:00 PM ET,2026-06-25,TUR,USA,Predicted Lineup,Predicted Lineup,USA,away,DMC,Sebastian Berhalter,30809,,https://www.rotowire.com/soccer/player/sebastian-berhalter-30809
2026-06-25T15:04:00Z,June 2510:00 PM ET,2026-06-25,TUR,USA,Predicted Lineup,Predicted Lineup,USA,away,AML,Giovanni Reyna,29175,,https://www.rotowire.com/soccer/player/giovanni-reyna-29175
2026-06-25T15:04:00Z,June 2510:00 PM ET,2026-06-25,TUR,USA,Predicted Lineup,Predicted Lineup,USA,away,AMC,Weston McKennie,23851,,https://www.rotowire.com/soccer/player/weston-mckennie-23851
2026-06-25T15:04:00Z,June 2510:00 PM ET,2026-06-25,TUR,USA,Predicted Lineup,Predicted Lineup,USA,away,AMR,Sergino Dest,29721,,https://www.rotowire.com/soccer/player/sergino-dest-29721
2026-06-25T15:04:00Z,June 2510:00 PM ET,2026-06-25,TUR,USA,Predicted Lineup,Predicted Lineup,USA,away,FW,Haji Wright,21266,,https://www.rotowire.com/soccer/player/haji-wright-21266
2026-06-25T15:04:00Z,June 263:00 PM ET,2026-06-26,NOR,FRA,Predicted Lineup,Predicted Lineup,NOR,home,GK,Orjan Nyland,19899,,https://www.rotowire.com/soccer/player/orjan-nyland-19899
2026-06-25T15:04:00Z,June 263:00 PM ET,2026-06-26,NOR,FRA,Predicted Lineup,Predicted Lineup,NOR,home,DL,David Moller Wolfe,44313,,https://www.rotowire.com/soccer/player/david-moller-wolfe-44313
2026-06-25T15:04:00Z,June 263:00 PM ET,2026-06-26,NOR,FRA,Predicted Lineup,Predicted Lineup,NOR,home,DC,Leo Ostigard,32919,,https://www.rotowire.com/soccer/player/leo-ostigard-32919
2026-06-25T15:04:00Z,June 263:00 PM ET,2026-06-26,NOR,FRA,Predicted Lineup,Predicted Lineup,NOR,home,DC,Kristoffer Ajer,22869,,https://www.rotowire.com/soccer/player/kristoffer-ajer-22869
2026-06-25T15:04:00Z,June 263:00 PM ET,2026-06-26,NOR,FRA,Predicted Lineup,Predicted Lineup,NOR,home,DR,Marcus Pedersen,33845,,https://www.rotowire.com/soccer/player/marcus-pedersen-33845
2026-06-25T15:04:00Z,June 263:00 PM ET,2026-06-26,NOR,FRA,Predicted Lineup,Predicted Lineup,NOR,home,MC,Patrick Berg,36193,,https://www.rotowire.com/soccer/player/patrick-berg-36193
2026-06-25T15:04:00Z,June 263:00 PM ET,2026-06-26,NOR,FRA,Predicted Lineup,Predicted Lineup,NOR,home,MC,Sander Berge,29740,,https://www.rotowire.com/soccer/player/sander-berge-29740
2026-06-25T15:04:00Z,June 263:00 PM ET,2026-06-26,NOR,FRA,Predicted Lineup,Predicted Lineup,NOR,home,MC,Kristian Thorstvedt,37168,,https://www.rotowire.com/soccer/player/kristian-thorstvedt-37168
2026-06-25T15:04:00Z,June 263:00 PM ET,2026-06-26,NOR,FRA,Predicted Lineup,Predicted Lineup,NOR,home,FWL,Andreas Schjelderup,38813,,https://www.rotowire.com/soccer/player/andreas-schjelderup-38813
2026-06-25T15:04:00Z,June 263:00 PM ET,2026-06-26,NOR,FRA,Predicted Lineup,Predicted Lineup,NOR,home,FWR,Oscar Bobb,37935,,https://www.rotowire.com/soccer/player/oscar-bobb-37935
2026-06-25T15:04:00Z,June 263:00 PM ET,2026-06-26,NOR,FRA,Predicted Lineup,Predicted Lineup,NOR,home,FW,Jorgen Strand Larsen,38069,,https://www.rotowire.com/soccer/player/jorgen-strand-larsen-38069
2026-06-25T15:04:00Z,June 263:00 PM ET,2026-06-26,NOR,FRA,Predicted Lineup,Predicted Lineup,FRA,away,GK,Mike Maignan,18437,,https://www.rotowire.com/soccer/player/mike-maignan-18437
2026-06-25T15:04:00Z,June 263:00 PM ET,2026-06-26,NOR,FRA,Predicted Lineup,Predicted Lineup,FRA,away,DL,Theo Hernandez,22398,,https://www.rotowire.com/soccer/player/theo-hernandez-22398
2026-06-25T15:04:00Z,June 263:00 PM ET,2026-06-26,NOR,FRA,Predicted Lineup,Predicted Lineup,FRA,away,DC,Dayot Upamecano,23324,,https://www.rotowire.com/soccer/player/dayot-upamecano-23324
2026-06-25T15:04:00Z,June 263:00 PM ET,2026-06-26,NOR,FRA,Predicted Lineup,Predicted Lineup,FRA,away,DC,William Saliba,26575,,https://www.rotowire.com/soccer/player/william-saliba-26575
2026-06-25T15:04:00Z,June 263:00 PM ET,2026-06-26,NOR,FRA,Predicted Lineup,Predicted Lineup,FRA,away,DR,Jules Kounde,25317,,https://www.rotowire.com/soccer/player/jules-kounde-25317
2026-06-25T15:04:00Z,June 263:00 PM ET,2026-06-26,NOR,FRA,Predicted Lineup,Predicted Lineup,FRA,away,DMC,Aurelien Tchouameni,26546,,https://www.rotowire.com/soccer/player/aurelien-tchouameni-26546
2026-06-25T15:04:00Z,June 263:00 PM ET,2026-06-26,NOR,FRA,Predicted Lineup,Predicted Lineup,FRA,away,DMC,Manu Kone,27124,,https://www.rotowire.com/soccer/player/manu-kone-27124
2026-06-25T15:04:00Z,June 263:00 PM ET,2026-06-26,NOR,FRA,Predicted Lineup,Predicted Lineup,FRA,away,AML,Desire Doue,36484,,https://www.rotowire.com/soccer/player/desire-doue-36484
2026-06-25T15:04:00Z,June 263:00 PM ET,2026-06-26,NOR,FRA,Predicted Lineup,Predicted Lineup,FRA,away,AMC,Rayan Cherki,30601,,https://www.rotowire.com/soccer/player/rayan-cherki-30601
2026-06-25T15:04:00Z,June 263:00 PM ET,2026-06-26,NOR,FRA,Predicted Lineup,Predicted Lineup,FRA,away,AMR,Michael Olise,31393,,https://www.rotowire.com/soccer/player/michael-olise-31393
2026-06-25T15:04:00Z,June 263:00 PM ET,2026-06-26,NOR,FRA,Predicted Lineup,Predicted Lineup,FRA,away,FW,Kylian Mbappe,20285,,https://www.rotowire.com/soccer/player/kylian-mbappe-20285
2026-06-25T15:04:00Z,June 263:00 PM ET,2026-06-26,SEN,IRQ,Predicted Lineup,Predicted Lineup,SEN,home,GK,Mory Diaw,18438,,https://www.rotowire.com/soccer/player/mory-diaw-18438
2026-06-25T15:04:00Z,June 263:00 PM ET,2026-06-26,SEN,IRQ,Predicted Lineup,Predicted Lineup,SEN,home,DL,El Hadji Malick Diouf,41357,,https://www.rotowire.com/soccer/player/el-hadji-malick-diouf-41357
2026-06-25T15:04:00Z,June 263:00 PM ET,2026-06-26,SEN,IRQ,Predicted Lineup,Predicted Lineup,SEN,home,DC,Kalidou Koulibaly,19856,,https://www.rotowire.com/soccer/player/kalidou-koulibaly-19856
2026-06-25T15:04:00Z,June 263:00 PM ET,2026-06-26,SEN,IRQ,Predicted Lineup,Predicted Lineup,SEN,home,DC,Moussa Niakhate,24804,,https://www.rotowire.com/soccer/player/moussa-niakhate-24804
2026-06-25T15:04:00Z,June 263:00 PM ET,2026-06-26,SEN,IRQ,Predicted Lineup,Predicted Lineup,SEN,home,DR,Krepin Diatta,26746,,https://www.rotowire.com/soccer/player/krepin-diatta-26746
2026-06-25T15:04:00Z,June 263:00 PM ET,2026-06-26,SEN,IRQ,Predicted Lineup,Predicted Lineup,SEN,home,DMC,Pape Gueye,31997,,https://www.rotowire.com/soccer/player/pape-gueye-31997
2026-06-25T15:04:00Z,June 263:00 PM ET,2026-06-26,SEN,IRQ,Predicted Lineup,Predicted Lineup,SEN,home,DMC,Idrissa Gueye,19065,,https://www.rotowire.com/soccer/player/idrissa-gueye-19065
2026-06-25T15:04:00Z,June 263:00 PM ET,2026-06-26,SEN,IRQ,Predicted Lineup,Predicted Lineup,SEN,home,AML,Sadio Mane,18529,,https://www.rotowire.com/soccer/player/sadio-mane-18529
2026-06-25T15:04:00Z,June 263:00 PM ET,2026-06-26,SEN,IRQ,Predicted Lineup,Predicted Lineup,SEN,home,AMC,Lamine Camara,40105,,https://www.rotowire.com/soccer/player/lamine-camara-40105
2026-06-25T15:04:00Z,June 263:00 PM ET,2026-06-26,SEN,IRQ,Predicted Lineup,Predicted Lineup,SEN,home,AMR,Ismaila Sarr,23072,,https://www.rotowire.com/soccer/player/ismaila-sarr-23072
2026-06-25T15:04:00Z,June 263:00 PM ET,2026-06-26,SEN,IRQ,Predicted Lineup,Predicted Lineup,SEN,home,FW,Nicolas Jackson,35956,,https://www.rotowire.com/soccer/player/nicolas-jackson-35956
2026-06-25T15:04:00Z,June 263:00 PM ET,2026-06-26,SEN,IRQ,Predicted Lineup,Predicted Lineup,IRQ,away,GK,Ahmed Basil,48184,,https://www.rotowire.com/soccer/player/ahmed-basil-48184
2026-06-25T15:04:00Z,June 263:00 PM ET,2026-06-26,SEN,IRQ,Predicted Lineup,Predicted Lineup,IRQ,away,DL,Merchas Doski,45937,,https://www.rotowire.com/soccer/player/merchas-doski-45937
2026-06-25T15:04:00Z,June 263:00 PM ET,2026-06-26,SEN,IRQ,Predicted Lineup,Predicted Lineup,IRQ,away,DC,Akam Hashem,48186,,https://www.rotowire.com/soccer/player/akam-hashem-48186
2026-06-25T15:04:00Z,June 263:00 PM ET,2026-06-26,SEN,IRQ,Predicted Lineup,Predicted Lineup,IRQ,away,DC,Zaid Tahseen,43701,,https://www.rotowire.com/soccer/player/zaid-tahseen-43701
2026-06-25T15:04:00Z,June 263:00 PM ET,2026-06-26,SEN,IRQ,Predicted Lineup,Predicted Lineup,IRQ,away,DR,Hussein Ali,43630,,https://www.rotowire.com/soccer/player/hussein-ali-43630
2026-06-25T15:04:00Z,June 263:00 PM ET,2026-06-26,SEN,IRQ,Predicted Lineup,Predicted Lineup,IRQ,away,DMC,Amir Al-Ammari,48172,,https://www.rotowire.com/soccer/player/amir-al-ammari-48172
2026-06-25T15:04:00Z,June 263:00 PM ET,2026-06-26,SEN,IRQ,Predicted Lineup,Predicted Lineup,IRQ,away,ML,Ibrahim Bayesh,43638,,https://www.rotowire.com/soccer/player/ibrahim-bayesh-43638
2026-06-25T15:04:00Z,June 263:00 PM ET,2026-06-26,SEN,IRQ,Predicted Lineup,Predicted Lineup,IRQ,away,MC,Zidane Aamar Iqbal,36079,,https://www.rotowire.com/soccer/player/zidane-aamar-iqbal-36079
2026-06-25T15:04:00Z,June 263:00 PM ET,2026-06-26,SEN,IRQ,Predicted Lineup,Predicted Lineup,IRQ,away,MC,Zaid Ismael,48177,,https://www.rotowire.com/soccer/player/zaid-ismael-48177
2026-06-25T15:04:00Z,June 263:00 PM ET,2026-06-26,SEN,IRQ,Predicted Lineup,Predicted Lineup,IRQ,away,MR,Ahmed Qasem,44354,,https://www.rotowire.com/soccer/player/ahmed-qasem-44354
2026-06-25T15:04:00Z,June 263:00 PM ET,2026-06-26,SEN,IRQ,Predicted Lineup,Predicted Lineup,IRQ,away,FW,Ali Al Hamadi,43009,,https://www.rotowire.com/soccer/player/ali-al-hamadi-43009
2026-06-25T15:04:00Z,June 268:00 PM ET,2026-06-26,CPV,KSA,Predicted Lineup,Predicted Lineup,CPV,home,GK,Vozinha,47971,,https://www.rotowire.com/soccer/player/vozinha-47971
2026-06-25T15:04:00Z,June 268:00 PM ET,2026-06-26,CPV,KSA,Predicted Lineup,Predicted Lineup,CPV,home,DL,Joao Paulo,40454,,https://www.rotowire.com/soccer/player/joao-paulo-40454
2026-06-25T15:04:00Z,June 268:00 PM ET,2026-06-26,CPV,KSA,Predicted Lineup,Predicted Lineup,CPV,home,DC,Diney,47967,,https://www.rotowire.com/soccer/player/diney-47967
2026-06-25T15:04:00Z,June 268:00 PM ET,2026-06-26,CPV,KSA,Predicted Lineup,Predicted Lineup,CPV,home,DC,Pico,48164,,https://www.rotowire.com/soccer/player/pico-48164
2026-06-25T15:04:00Z,June 268:00 PM ET,2026-06-26,CPV,KSA,Predicted Lineup,Predicted Lineup,CPV,home,DR,Steven Moreira,20394,,https://www.rotowire.com/soccer/player/steven-moreira-20394
2026-06-25T15:04:00Z,June 268:00 PM ET,2026-06-26,CPV,KSA,Predicted Lineup,Predicted Lineup,CPV,home,DMC,Kevin Pina,47969,,https://www.rotowire.com/soccer/player/kevin-pina-47969
2026-06-25T15:04:00Z,June 268:00 PM ET,2026-06-26,CPV,KSA,Predicted Lineup,Predicted Lineup,CPV,home,ML,Garry Rodrigues,26786,,https://www.rotowire.com/soccer/player/garry-rodrigues-26786
2026-06-25T15:04:00Z,June 268:00 PM ET,2026-06-26,CPV,KSA,Predicted Lineup,Predicted Lineup,CPV,home,MC,Jamiro Monteiro,27637,,https://www.rotowire.com/soccer/player/jamiro-monteiro-27637
2026-06-25T15:04:00Z,June 268:00 PM ET,2026-06-26,CPV,KSA,Predicted Lineup,Predicted Lineup,CPV,home,MC,Deroy Duarte,44352,,https://www.rotowire.com/soccer/player/deroy-duarte-44352
2026-06-25T15:04:00Z,June 268:00 PM ET,2026-06-26,CPV,KSA,Predicted Lineup,Predicted Lineup,CPV,home,MR,Ryan Mendes,22438,,https://www.rotowire.com/soccer/player/ryan-mendes-22438
2026-06-25T15:04:00Z,June 268:00 PM ET,2026-06-26,CPV,KSA,Predicted Lineup,Predicted Lineup,CPV,home,FW,Gilson Benchimol,48466,,https://www.rotowire.com/soccer/player/gilson-benchimol-48466
2026-06-25T15:04:00Z,June 268:00 PM ET,2026-06-26,CPV,KSA,Predicted Lineup,Predicted Lineup,KSA,away,GK,Mohammed Al-Owais,25927,,https://www.rotowire.com/soccer/player/mohammed-al-owais-25927
2026-06-25T15:04:00Z,June 268:00 PM ET,2026-06-26,CPV,KSA,Predicted Lineup,Predicted Lineup,KSA,away,DL,Moteb Al Harbi,48454,,https://www.rotowire.com/soccer/player/moteb-al-harbi-48454
2026-06-25T15:04:00Z,June 268:00 PM ET,2026-06-26,CPV,KSA,Predicted Lineup,Predicted Lineup,KSA,away,DC,Abdulelah Al-Amri,34893,,https://www.rotowire.com/soccer/player/abdulelah-al-amri-34893
2026-06-25T15:04:00Z,June 268:00 PM ET,2026-06-26,CPV,KSA,Predicted Lineup,Predicted Lineup,KSA,away,DC,Hassan Al Tambakti,38331,,https://www.rotowire.com/soccer/player/hassan-al-tambakti-38331
2026-06-25T15:04:00Z,June 268:00 PM ET,2026-06-26,CPV,KSA,Predicted Lineup,Predicted Lineup,KSA,away,DR,Saud Abdulhamid,44122,,https://www.rotowire.com/soccer/player/saud-abdulhamid-44122
2026-06-25T15:04:00Z,June 268:00 PM ET,2026-06-26,CPV,KSA,Predicted Lineup,Predicted Lineup,KSA,away,ML,Salem Al-Dawsari,25439,,https://www.rotowire.com/soccer/player/salem-al-dawsari-25439
2026-06-25T15:04:00Z,June 268:00 PM ET,2026-06-26,CPV,KSA,Predicted Lineup,Predicted Lineup,KSA,away,MC,Mohamed Kanno,25908,,https://www.rotowire.com/soccer/player/mohamed-kanno-25908
2026-06-25T15:04:00Z,June 268:00 PM ET,2026-06-26,CPV,KSA,Predicted Lineup,Predicted Lineup,KSA,away,MC,Abdullah Al-Khaibari,25921,,https://www.rotowire.com/soccer/player/abdullah-al-khaibari-25921
2026-06-25T15:04:00Z,June 268:00 PM ET,2026-06-26,CPV,KSA,Predicted Lineup,Predicted Lineup,KSA,away,MR,Abu Al Shamat,48455,,https://www.rotowire.com/soccer/player/abu-al-shamat-48455
2026-06-25T15:04:00Z,June 268:00 PM ET,2026-06-26,CPV,KSA,Predicted Lineup,Predicted Lineup,KSA,away,AMC,Musab Al-Juwayr,48101,,https://www.rotowire.com/soccer/player/musab-al-juwayr-48101
2026-06-25T15:04:00Z,June 268:00 PM ET,2026-06-26,CPV,KSA,Predicted Lineup,Predicted Lineup,KSA,away,FW,Firas Al Buraikan,38332,,https://www.rotowire.com/soccer/player/firas-al-buraikan-38332
2026-06-25T15:04:00Z,June 268:00 PM ET,2026-06-26,URU,ESP,Predicted Lineup,Predicted Lineup,URU,home,GK,Fernando Muslera,16279,,https://www.rotowire.com/soccer/player/fernando-muslera-16279
2026-06-25T15:04:00Z,June 268:00 PM ET,2026-06-26,URU,ESP,Predicted Lineup,Predicted Lineup,URU,home,DL,Mathias Olivera,24914,,https://www.rotowire.com/soccer/player/mathias-olivera-24914
2026-06-25T15:04:00Z,June 268:00 PM ET,2026-06-26,URU,ESP,Predicted Lineup,Predicted Lineup,URU,home,DC,Sebastian Caceres,30755,,https://www.rotowire.com/soccer/player/sebastian-caceres-30755
2026-06-25T15:04:00Z,June 268:00 PM ET,2026-06-26,URU,ESP,Predicted Lineup,Predicted Lineup,URU,home,DC,Jose Maria Gimenez,17641,,https://www.rotowire.com/soccer/player/jose-maria-gimenez-17641
2026-06-25T15:04:00Z,June 268:00 PM ET,2026-06-26,URU,ESP,Predicted Lineup,Predicted Lineup,URU,home,DR,Guillermo Varela,17098,,https://www.rotowire.com/soccer/player/guillermo-varela-17098
2026-06-25T15:04:00Z,June 268:00 PM ET,2026-06-26,URU,ESP,Predicted Lineup,Predicted Lineup,URU,home,MC,Federico Valverde,24907,,https://www.rotowire.com/soccer/player/federico-valverde-24907
2026-06-25T15:04:00Z,June 268:00 PM ET,2026-06-26,URU,ESP,Predicted Lineup,Predicted Lineup,URU,home,MC,Rodrigo Bentancur,24952,,https://www.rotowire.com/soccer/player/rodrigo-bentancur-24952
2026-06-25T15:04:00Z,June 268:00 PM ET,2026-06-26,URU,ESP,Predicted Lineup,Predicted Lineup,URU,home,MC,Manuel Ugarte,35679,,https://www.rotowire.com/soccer/player/manuel-ugarte-35679
2026-06-25T15:04:00Z,June 268:00 PM ET,2026-06-26,URU,ESP,Predicted Lineup,Predicted Lineup,URU,home,FWL,Maxi Araujo,30707,,https://www.rotowire.com/soccer/player/maxi-araujo-30707
2026-06-25T15:04:00Z,June 268:00 PM ET,2026-06-26,URU,ESP,Predicted Lineup,Predicted Lineup,URU,home,FWR,Agustin Canobbio,38171,,https://www.rotowire.com/soccer/player/agustin-canobbio-38171
2026-06-25T15:04:00Z,June 268:00 PM ET,2026-06-26,URU,ESP,Predicted Lineup,Predicted Lineup,URU,home,FW,Darwin Nunez,34057,,https://www.rotowire.com/soccer/player/darwin-nunez-34057
2026-06-25T15:04:00Z,June 268:00 PM ET,2026-06-26,URU,ESP,Predicted Lineup,Predicted Lineup,ESP,away,GK,Unai Simon,23362,,https://www.rotowire.com/soccer/player/unai-simon-23362
2026-06-25T15:04:00Z,June 268:00 PM ET,2026-06-26,URU,ESP,Predicted Lineup,Predicted Lineup,ESP,away,DL,Marc Cucurella,26875,,https://www.rotowire.com/soccer/player/marc-cucurella-26875
2026-06-25T15:04:00Z,June 268:00 PM ET,2026-06-26,URU,ESP,Predicted Lineup,Predicted Lineup,ESP,away,DC,Aymeric Laporte,18126,,https://www.rotowire.com/soccer/player/aymeric-laporte-18126
2026-06-25T15:04:00Z,June 268:00 PM ET,2026-06-26,URU,ESP,Predicted Lineup,Predicted Lineup,ESP,away,DC,Pau Cubarsi,40285,,https://www.rotowire.com/soccer/player/pau-cubarsi-40285
2026-06-25T15:04:00Z,June 268:00 PM ET,2026-06-26,URU,ESP,Predicted Lineup,Predicted Lineup,ESP,away,DR,Pedro Porro,26581,,https://www.rotowire.com/soccer/player/pedro-porro-26581
2026-06-25T15:04:00Z,June 268:00 PM ET,2026-06-26,URU,ESP,Predicted Lineup,Predicted Lineup,ESP,away,MC,Pedri,32581,,https://www.rotowire.com/soccer/player/pedri-32581
2026-06-25T15:04:00Z,June 268:00 PM ET,2026-06-26,URU,ESP,Predicted Lineup,Predicted Lineup,ESP,away,MC,Dani Olmo,22880,,https://www.rotowire.com/soccer/player/dani-olmo-22880
2026-06-25T15:04:00Z,June 268:00 PM ET,2026-06-26,URU,ESP,Predicted Lineup,Predicted Lineup,ESP,away,MC,Rodri,23108,,https://www.rotowire.com/soccer/player/rodri-23108
2026-06-25T15:04:00Z,June 268:00 PM ET,2026-06-26,URU,ESP,Predicted Lineup,Predicted Lineup,ESP,away,FWL,Nico Williams,34278,,https://www.rotowire.com/soccer/player/nico-williams-34278
2026-06-25T15:04:00Z,June 268:00 PM ET,2026-06-26,URU,ESP,Predicted Lineup,Predicted Lineup,ESP,away,FWR,Lamine Yamal,39017,,https://www.rotowire.com/soccer/player/lamine-yamal-39017
2026-06-25T15:04:00Z,June 268:00 PM ET,2026-06-26,URU,ESP,Predicted Lineup,Predicted Lineup,ESP,away,FW,Mikel Oyarzabal,20773,,https://www.rotowire.com/soccer/player/mikel-oyarzabal-20773
2026-06-25T15:04:00Z,June 2611:00 PM ET,2026-06-26,NZL,BEL,Predicted Lineup,Predicted Lineup,NZL,home,GK,Maxime Crocombe,31786,,https://www.rotowire.com/soccer/player/maxime-crocombe-31786
2026-06-25T15:04:00Z,June 2611:00 PM ET,2026-06-26,NZL,BEL,Predicted Lineup,Predicted Lineup,NZL,home,DL,Liberato Cacace,31901,,https://www.rotowire.com/soccer/player/liberato-cacace-31901
2026-06-25T15:04:00Z,June 2611:00 PM ET,2026-06-26,NZL,BEL,Predicted Lineup,Predicted Lineup,NZL,home,DC,Finn Surman,43590,,https://www.rotowire.com/soccer/player/finn-surman-43590
2026-06-25T15:04:00Z,June 2611:00 PM ET,2026-06-26,NZL,BEL,Predicted Lineup,Predicted Lineup,NZL,home,DC,Michael Boxall,24694,,https://www.rotowire.com/soccer/player/michael-boxall-24694
2026-06-25T15:04:00Z,June 2611:00 PM ET,2026-06-26,NZL,BEL,Predicted Lineup,Predicted Lineup,NZL,home,DR,Tim Payne,31783,,https://www.rotowire.com/soccer/player/tim-payne-31783
2026-06-25T15:04:00Z,June 2611:00 PM ET,2026-06-26,NZL,BEL,Predicted Lineup,Predicted Lineup,NZL,home,DMC,Marko Stamenic,35010,,https://www.rotowire.com/soccer/player/marko-stamenic-35010
2026-06-25T15:04:00Z,June 2611:00 PM ET,2026-06-26,NZL,BEL,Predicted Lineup,Predicted Lineup,NZL,home,DMC,Joe Bell,35032,,https://www.rotowire.com/soccer/player/joe-bell-35032
2026-06-25T15:04:00Z,June 2611:00 PM ET,2026-06-26,NZL,BEL,Predicted Lineup,Predicted Lineup,NZL,home,AML,Elijah Just,34950,,https://www.rotowire.com/soccer/player/elijah-just-34950
2026-06-25T15:04:00Z,June 2611:00 PM ET,2026-06-26,NZL,BEL,Predicted Lineup,Predicted Lineup,NZL,home,AMC,Sarpreet Singh,29603,,https://www.rotowire.com/soccer/player/sarpreet-singh-29603
2026-06-25T15:04:00Z,June 2611:00 PM ET,2026-06-26,NZL,BEL,Predicted Lineup,Predicted Lineup,NZL,home,AMR,Callum McCowatt,31774,,https://www.rotowire.com/soccer/player/callum-mccowatt-31774
2026-06-25T15:04:00Z,June 2611:00 PM ET,2026-06-26,NZL,BEL,Predicted Lineup,Predicted Lineup,NZL,home,FW,Chris Wood,17846,,https://www.rotowire.com/soccer/player/chris-wood-17846
2026-06-25T15:04:00Z,June 2611:00 PM ET,2026-06-26,NZL,BEL,Predicted Lineup,Predicted Lineup,BEL,away,GK,Thibaut Courtois,17216,,https://www.rotowire.com/soccer/player/thibaut-courtois-17216
2026-06-25T15:04:00Z,June 2611:00 PM ET,2026-06-26,NZL,BEL,Predicted Lineup,Predicted Lineup,BEL,away,DL,Maxim De Cuyper,30866,,https://www.rotowire.com/soccer/player/maxim-de-cuyper-30866
2026-06-25T15:04:00Z,June 2611:00 PM ET,2026-06-26,NZL,BEL,Predicted Lineup,Predicted Lineup,BEL,away,DC,Brandon Mechele,22937,,https://www.rotowire.com/soccer/player/brandon-mechele-22937
2026-06-25T15:04:00Z,June 2611:00 PM ET,2026-06-26,NZL,BEL,Predicted Lineup,Predicted Lineup,BEL,away,DC,Koni De Winter,35153,,https://www.rotowire.com/soccer/player/koni-de-winter-35153
2026-06-25T15:04:00Z,June 2611:00 PM ET,2026-06-26,NZL,BEL,Predicted Lineup,Predicted Lineup,BEL,away,DR,Thomas Meunier,21404,,https://www.rotowire.com/soccer/player/thomas-meunier-21404
2026-06-25T15:04:00Z,June 2611:00 PM ET,2026-06-26,NZL,BEL,Predicted Lineup,Predicted Lineup,BEL,away,DMC,Youri Tielemans,18082,,https://www.rotowire.com/soccer/player/youri-tielemans-18082
2026-06-25T15:04:00Z,June 2611:00 PM ET,2026-06-26,NZL,BEL,Predicted Lineup,Predicted Lineup,BEL,away,DMC,Nicolas Raskin,30333,,https://www.rotowire.com/soccer/player/nicolas-raskin-30333
2026-06-25T15:04:00Z,June 2611:00 PM ET,2026-06-26,NZL,BEL,Predicted Lineup,Predicted Lineup,BEL,away,AML,Jeremy Doku,33441,OUT,https://www.rotowire.com/soccer/player/jeremy-doku-33441
2026-06-25T15:04:00Z,June 2611:00 PM ET,2026-06-26,NZL,BEL,Predicted Lineup,Predicted Lineup,BEL,away,AMC,Kevin De Bruyne,16807,,https://www.rotowire.com/soccer/player/kevin-de-bruyne-16807
2026-06-25T15:04:00Z,June 2611:00 PM ET,2026-06-26,NZL,BEL,Predicted Lineup,Predicted Lineup,BEL,away,AMR,Leandro Trossard,29098,,https://www.rotowire.com/soccer/player/leandro-trossard-29098
2026-06-25T15:04:00Z,June 2611:00 PM ET,2026-06-26,NZL,BEL,Predicted Lineup,Predicted Lineup,BEL,away,FW,Romelu Lukaku,16303,,https://www.rotowire.com/soccer/player/romelu-lukaku-16303
2026-06-25T15:04:00Z,June 2611:00 PM ET,2026-06-26,EGY,IRN,Predicted Lineup,Predicted Lineup,EGY,home,GK,Mostafa Shobeir,48003,,https://www.rotowire.com/soccer/player/mostafa-shobeir-48003
2026-06-25T15:04:00Z,June 2611:00 PM ET,2026-06-26,EGY,IRN,Predicted Lineup,Predicted Lineup,EGY,home,DL,Ahmed El Fotouh,34975,,https://www.rotowire.com/soccer/player/ahmed-el-fotouh-34975
2026-06-25T15:04:00Z,June 2611:00 PM ET,2026-06-26,EGY,IRN,Predicted Lineup,Predicted Lineup,EGY,home,DC,Yasser Ibrahim,48007,,https://www.rotowire.com/soccer/player/yasser-ibrahim-48007
2026-06-25T15:04:00Z,June 2611:00 PM ET,2026-06-26,EGY,IRN,Predicted Lineup,Predicted Lineup,EGY,home,DC,Ramy Rabia,18505,,https://www.rotowire.com/soccer/player/ramy-rabia-18505
2026-06-25T15:04:00Z,June 2611:00 PM ET,2026-06-26,EGY,IRN,Predicted Lineup,Predicted Lineup,EGY,home,DR,Mohamed Hany,47999,,https://www.rotowire.com/soccer/player/mohamed-hany-47999
2026-06-25T15:04:00Z,June 2611:00 PM ET,2026-06-26,EGY,IRN,Predicted Lineup,Predicted Lineup,EGY,home,DMC,Mohanad Lasheen,48000,,https://www.rotowire.com/soccer/player/mohanad-lasheen-48000
2026-06-25T15:04:00Z,June 2611:00 PM ET,2026-06-26,EGY,IRN,Predicted Lineup,Predicted Lineup,EGY,home,DMC,Marwan Ateya,48008,,https://www.rotowire.com/soccer/player/marwan-ateya-48008
2026-06-25T15:04:00Z,June 2611:00 PM ET,2026-06-26,EGY,IRN,Predicted Lineup,Predicted Lineup,EGY,home,AML,Emam Ashour,34884,,https://www.rotowire.com/soccer/player/emam-ashour-34884
2026-06-25T15:04:00Z,June 2611:00 PM ET,2026-06-26,EGY,IRN,Predicted Lineup,Predicted Lineup,EGY,home,AMC,Mohamed Salah,17384,,https://www.rotowire.com/soccer/player/mohamed-salah-17384
2026-06-25T15:04:00Z,June 2611:00 PM ET,2026-06-26,EGY,IRN,Predicted Lineup,Predicted Lineup,EGY,home,AMR,Mostafa Ziko,48447,,https://www.rotowire.com/soccer/player/mostafa-ziko-48447
2026-06-25T15:04:00Z,June 2611:00 PM ET,2026-06-26,EGY,IRN,Predicted Lineup,Predicted Lineup,EGY,home,FW,Omar Marmoush,32408,,https://www.rotowire.com/soccer/player/omar-marmoush-32408
2026-06-25T15:04:00Z,June 2611:00 PM ET,2026-06-26,EGY,IRN,Predicted Lineup,Predicted Lineup,IRN,away,GK,Alireza Beiranvand,26059,,https://www.rotowire.com/soccer/player/alireza-beiranvand-26059
2026-06-25T15:04:00Z,June 2611:00 PM ET,2026-06-26,EGY,IRN,Predicted Lineup,Predicted Lineup,IRN,away,DL,Ali Nemati,48026,,https://www.rotowire.com/soccer/player/ali-nemati-48026
2026-06-25T15:04:00Z,June 2611:00 PM ET,2026-06-26,EGY,IRN,Predicted Lineup,Predicted Lineup,IRN,away,DC,Hossein Kanaanizadegan,38203,,https://www.rotowire.com/soccer/player/hossein-kanaanizadegan-38203
2026-06-25T15:04:00Z,June 2611:00 PM ET,2026-06-26,EGY,IRN,Predicted Lineup,Predicted Lineup,IRN,away,DC,Shoja Khalilzadeh,38204,,https://www.rotowire.com/soccer/player/shoja-khalilzadeh-38204
2026-06-25T15:04:00Z,June 2611:00 PM ET,2026-06-26,EGY,IRN,Predicted Lineup,Predicted Lineup,IRN,away,DR,Ramin Rezaeian,26057,,https://www.rotowire.com/soccer/player/ramin-rezaeian-26057
2026-06-25T15:04:00Z,June 2611:00 PM ET,2026-06-26,EGY,IRN,Predicted Lineup,Predicted Lineup,IRN,away,DMC,Saeid Ezatolahi,23022,,https://www.rotowire.com/soccer/player/saeid-ezatolahi-23022
2026-06-25T15:04:00Z,June 2611:00 PM ET,2026-06-26,EGY,IRN,Predicted Lineup,Predicted Lineup,IRN,away,DMC,Mohammad Ghorbani,48019,,https://www.rotowire.com/soccer/player/mohammad-ghorbani-48019
2026-06-25T15:04:00Z,June 2611:00 PM ET,2026-06-26,EGY,IRN,Predicted Lineup,Predicted Lineup,IRN,away,AML,Aria Yousefi,48448,,https://www.rotowire.com/soccer/player/aria-yousefi-48448
2026-06-25T15:04:00Z,June 2611:00 PM ET,2026-06-26,EGY,IRN,Predicted Lineup,Predicted Lineup,IRN,away,AMC,Saman Ghoddos,26045,,https://www.rotowire.com/soccer/player/saman-ghoddos-26045
2026-06-25T15:04:00Z,June 2611:00 PM ET,2026-06-26,EGY,IRN,Predicted Lineup,Predicted Lineup,IRN,away,AMR,Mohammad Mohebi,48018,,https://www.rotowire.com/soccer/player/mohammad-mohebi-48018
2026-06-25T15:04:00Z,June 2611:00 PM ET,2026-06-26,EGY,IRN,Predicted Lineup,Predicted Lineup,IRN,away,FW,Mehdi Taremi,26070,,https://www.rotowire.com/soccer/player/mehdi-taremi-26070
2026-06-25T15:04:00Z,June 275:00 PM ET,2026-06-27,CRO,GHA,Predicted Lineup,Predicted Lineup,CRO,home,GK,Dominik Livakovic,22886,,https://www.rotowire.com/soccer/player/dominik-livakovic-22886
2026-06-25T15:04:00Z,June 275:00 PM ET,2026-06-27,CRO,GHA,Predicted Lineup,Predicted Lineup,CRO,home,DL,Josko Gvardiol,29769,,https://www.rotowire.com/soccer/player/josko-gvardiol-29769
2026-06-25T15:04:00Z,June 275:00 PM ET,2026-06-27,CRO,GHA,Predicted Lineup,Predicted Lineup,CRO,home,DC,Marin Pongracic,29834,,https://www.rotowire.com/soccer/player/marin-pongracic-29834
2026-06-25T15:04:00Z,June 275:00 PM ET,2026-06-27,CRO,GHA,Predicted Lineup,Predicted Lineup,CRO,home,DC,Josip Sutalo,33587,,https://www.rotowire.com/soccer/player/josip-sutalo-33587
2026-06-25T15:04:00Z,June 275:00 PM ET,2026-06-27,CRO,GHA,Predicted Lineup,Predicted Lineup,CRO,home,DR,Josip Stanisic,34597,,https://www.rotowire.com/soccer/player/josip-stanisic-34597
2026-06-25T15:04:00Z,June 275:00 PM ET,2026-06-27,CRO,GHA,Predicted Lineup,Predicted Lineup,CRO,home,DMC,Luka Modric,2105,,https://www.rotowire.com/soccer/player/luka-modric-2105
2026-06-25T15:04:00Z,June 275:00 PM ET,2026-06-27,CRO,GHA,Predicted Lineup,Predicted Lineup,CRO,home,DMC,Mateo Kovacic,17032,,https://www.rotowire.com/soccer/player/mateo-kovacic-17032
2026-06-25T15:04:00Z,June 275:00 PM ET,2026-06-27,CRO,GHA,Predicted Lineup,Predicted Lineup,CRO,home,AML,Ivan Perisic,17686,,https://www.rotowire.com/soccer/player/ivan-perisic-17686
2026-06-25T15:04:00Z,June 275:00 PM ET,2026-06-27,CRO,GHA,Predicted Lineup,Predicted Lineup,CRO,home,AMC,Martin Baturina,37763,,https://www.rotowire.com/soccer/player/martin-baturina-37763
2026-06-25T15:04:00Z,June 275:00 PM ET,2026-06-27,CRO,GHA,Predicted Lineup,Predicted Lineup,CRO,home,AMR,Marco Pasalic,35668,,https://www.rotowire.com/soccer/player/marco-pasalic-35668
2026-06-25T15:04:00Z,June 275:00 PM ET,2026-06-27,CRO,GHA,Predicted Lineup,Predicted Lineup,CRO,home,FW,Ante Budimir,22101,,https://www.rotowire.com/soccer/player/ante-budimir-22101
2026-06-25T15:04:00Z,June 275:00 PM ET,2026-06-27,CRO,GHA,Predicted Lineup,Predicted Lineup,GHA,away,GK,Benjamin Asare,48011,,https://www.rotowire.com/soccer/player/benjamin-asare-48011
2026-06-25T15:04:00Z,June 275:00 PM ET,2026-06-27,CRO,GHA,Predicted Lineup,Predicted Lineup,GHA,away,DL,Gideon Mensah,35498,,https://www.rotowire.com/soccer/player/gideon-mensah-35498
2026-06-25T15:04:00Z,June 275:00 PM ET,2026-06-27,CRO,GHA,Predicted Lineup,Predicted Lineup,GHA,away,DC,Jonas Adjetey,47212,,https://www.rotowire.com/soccer/player/jonas-adjetey-47212
2026-06-25T15:04:00Z,June 275:00 PM ET,2026-06-27,CRO,GHA,Predicted Lineup,Predicted Lineup,GHA,away,DC,Jerome Opoku,32975,,https://www.rotowire.com/soccer/player/jerome-opoku-32975
2026-06-25T15:04:00Z,June 275:00 PM ET,2026-06-27,CRO,GHA,Predicted Lineup,Predicted Lineup,GHA,away,DR,Marvin Senaya,34131,,https://www.rotowire.com/soccer/player/marvin-senaya-34131
2026-06-25T15:04:00Z,June 275:00 PM ET,2026-06-27,CRO,GHA,Predicted Lineup,Predicted Lineup,GHA,away,DMC,Thomas Partey,19273,,https://www.rotowire.com/soccer/player/thomas-partey-19273
2026-06-25T15:04:00Z,June 275:00 PM ET,2026-06-27,CRO,GHA,Predicted Lineup,Predicted Lineup,GHA,away,ML,Antoine Semenyo,33148,,https://www.rotowire.com/soccer/player/antoine-semenyo-33148
2026-06-25T15:04:00Z,June 275:00 PM ET,2026-06-27,CRO,GHA,Predicted Lineup,Predicted Lineup,GHA,away,MC,Caleb Yirenkyi,48010,,https://www.rotowire.com/soccer/player/caleb-yirenkyi-48010
2026-06-25T15:04:00Z,June 275:00 PM ET,2026-06-27,CRO,GHA,Predicted Lineup,Predicted Lineup,GHA,away,MC,Kwasi Sibo,46621,,https://www.rotowire.com/soccer/player/kwasi-sibo-46621
2026-06-25T15:04:00Z,June 275:00 PM ET,2026-06-27,CRO,GHA,Predicted Lineup,Predicted Lineup,GHA,away,MR,Inaki Williams,20509,,https://www.rotowire.com/soccer/player/inaki-williams-20509
2026-06-25T15:04:00Z,June 275:00 PM ET,2026-06-27,CRO,GHA,Predicted Lineup,Predicted Lineup,GHA,away,FW,Jordan Ayew,17366,,https://www.rotowire.com/soccer/player/jordan-ayew-17366
2026-06-25T15:04:00Z,June 275:00 PM ET,2026-06-27,PAN,ENG,Predicted Lineup,Predicted Lineup,PAN,home,GK,Orlando Mosquera,28758,,https://www.rotowire.com/soccer/player/orlando-mosquera-28758
2026-06-25T15:04:00Z,June 275:00 PM ET,2026-06-27,PAN,ENG,Predicted Lineup,Predicted Lineup,PAN,home,DL,Cesar Blackman,44226,,https://www.rotowire.com/soccer/player/cesar-blackman-44226
2026-06-25T15:04:00Z,June 275:00 PM ET,2026-06-27,PAN,ENG,Predicted Lineup,Predicted Lineup,PAN,home,DC,Jose Cordoba,44613,,https://www.rotowire.com/soccer/player/jose-cordoba-44613
2026-06-25T15:04:00Z,June 275:00 PM ET,2026-06-27,PAN,ENG,Predicted Lineup,Predicted Lineup,PAN,home,DC,Jiovany Ramos,48071,,https://www.rotowire.com/soccer/player/jiovany-ramos-48071
2026-06-25T15:04:00Z,June 275:00 PM ET,2026-06-27,PAN,ENG,Predicted Lineup,Predicted Lineup,PAN,home,DC,Andres Andrade Cedeno,30357,,https://www.rotowire.com/soccer/player/andres-andrade-cedeno-30357
2026-06-25T15:04:00Z,June 275:00 PM ET,2026-06-27,PAN,ENG,Predicted Lineup,Predicted Lineup,PAN,home,DR,Amir Murillo,23619,,https://www.rotowire.com/soccer/player/amir-murillo-23619
2026-06-25T15:04:00Z,June 275:00 PM ET,2026-06-27,PAN,ENG,Predicted Lineup,Predicted Lineup,PAN,home,ML,Jose Luis Rodriguez,26008,,https://www.rotowire.com/soccer/player/jose-luis-rodriguez-26008
2026-06-25T15:04:00Z,June 275:00 PM ET,2026-06-27,PAN,ENG,Predicted Lineup,Predicted Lineup,PAN,home,MC,Yoel Barcenas,26022,,https://www.rotowire.com/soccer/player/yoel-barcenas-26022
2026-06-25T15:04:00Z,June 275:00 PM ET,2026-06-27,PAN,ENG,Predicted Lineup,Predicted Lineup,PAN,home,MC,Carlos Harvey,32543,,https://www.rotowire.com/soccer/player/carlos-harvey-32543
2026-06-25T15:04:00Z,June 275:00 PM ET,2026-06-27,PAN,ENG,Predicted Lineup,Predicted Lineup,PAN,home,MR,Cristian Martinez,21265,,https://www.rotowire.com/soccer/player/cristian-martinez-21265
2026-06-25T15:04:00Z,June 275:00 PM ET,2026-06-27,PAN,ENG,Predicted Lineup,Predicted Lineup,PAN,home,FW,Cecilio Waterman,48073,,https://www.rotowire.com/soccer/player/cecilio-waterman-48073
2026-06-25T15:04:00Z,June 275:00 PM ET,2026-06-27,PAN,ENG,Predicted Lineup,Predicted Lineup,ENG,away,GK,Jordan Pickford,19035,,https://www.rotowire.com/soccer/player/jordan-pickford-19035
2026-06-25T15:04:00Z,June 275:00 PM ET,2026-06-27,PAN,ENG,Predicted Lineup,Predicted Lineup,ENG,away,DL,Nico O'Reilly,39597,,https://www.rotowire.com/soccer/player/nico-oreilly-39597
2026-06-25T15:04:00Z,June 275:00 PM ET,2026-06-27,PAN,ENG,Predicted Lineup,Predicted Lineup,ENG,away,DC,Marc Guehi,29892,,https://www.rotowire.com/soccer/player/marc-guehi-29892
2026-06-25T15:04:00Z,June 275:00 PM ET,2026-06-27,PAN,ENG,Predicted Lineup,Predicted Lineup,ENG,away,DC,Ezri Konsa,29290,,https://www.rotowire.com/soccer/player/ezri-konsa-29290
2026-06-25T15:04:00Z,June 275:00 PM ET,2026-06-27,PAN,ENG,Predicted Lineup,Predicted Lineup,ENG,away,DR,Reece James,29315,OUT,https://www.rotowire.com/soccer/player/reece-james-29315
2026-06-25T15:04:00Z,June 275:00 PM ET,2026-06-27,PAN,ENG,Predicted Lineup,Predicted Lineup,ENG,away,DMC,Eberechi Eze,31141,,https://www.rotowire.com/soccer/player/eberechi-eze-31141
2026-06-25T15:04:00Z,June 275:00 PM ET,2026-06-27,PAN,ENG,Predicted Lineup,Predicted Lineup,ENG,away,DMC,Elliot Anderson,34207,,https://www.rotowire.com/soccer/player/elliot-anderson-34207
2026-06-25T15:04:00Z,June 275:00 PM ET,2026-06-27,PAN,ENG,Predicted Lineup,Predicted Lineup,ENG,away,AML,Marcus Rashford,19583,,https://www.rotowire.com/soccer/player/marcus-rashford-19583
2026-06-25T15:04:00Z,June 275:00 PM ET,2026-06-27,PAN,ENG,Predicted Lineup,Predicted Lineup,ENG,away,AMC,Jude Bellingham,31357,,https://www.rotowire.com/soccer/player/jude-bellingham-31357
2026-06-25T15:04:00Z,June 275:00 PM ET,2026-06-27,PAN,ENG,Predicted Lineup,Predicted Lineup,ENG,away,AMR,Noni Madueke,29972,,https://www.rotowire.com/soccer/player/noni-madueke-29972
2026-06-25T15:04:00Z,June 275:00 PM ET,2026-06-27,PAN,ENG,Predicted Lineup,Predicted Lineup,ENG,away,FW,Harry Kane,17352,,https://www.rotowire.com/soccer/player/harry-kane-17352
2026-06-25T15:04:00Z,June 277:30 PM ET,2026-06-27,COL,POR,Predicted Lineup,Predicted Lineup,COL,home,GK,Camilo Vargas,4448,,https://www.rotowire.com/soccer/player/camilo-vargas-4448
2026-06-25T15:04:00Z,June 277:30 PM ET,2026-06-27,COL,POR,Predicted Lineup,Predicted Lineup,COL,home,DL,Johan Mojica,25022,,https://www.rotowire.com/soccer/player/johan-mojica-25022
2026-06-25T15:04:00Z,June 277:30 PM ET,2026-06-27,COL,POR,Predicted Lineup,Predicted Lineup,COL,home,DC,Jhon Lucumi,28552,,https://www.rotowire.com/soccer/player/jhon-lucumi-28552
2026-06-25T15:04:00Z,June 277:30 PM ET,2026-06-27,COL,POR,Predicted Lineup,Predicted Lineup,COL,home,DC,Davinson Sanchez,24928,,https://www.rotowire.com/soccer/player/davinson-sanchez-24928
2026-06-25T15:04:00Z,June 277:30 PM ET,2026-06-27,COL,POR,Predicted Lineup,Predicted Lineup,COL,home,DR,Daniel Munoz,41175,,https://www.rotowire.com/soccer/player/daniel-munoz-41175
2026-06-25T15:04:00Z,June 277:30 PM ET,2026-06-27,COL,POR,Predicted Lineup,Predicted Lineup,COL,home,MC,Gustavo Puerta,38746,,https://www.rotowire.com/soccer/player/gustavo-puerta-38746
2026-06-25T15:04:00Z,June 277:30 PM ET,2026-06-27,COL,POR,Predicted Lineup,Predicted Lineup,COL,home,MC,Jhon Arias,22290,,https://www.rotowire.com/soccer/player/jhon-arias-22290
2026-06-25T15:04:00Z,June 277:30 PM ET,2026-06-27,COL,POR,Predicted Lineup,Predicted Lineup,COL,home,MC,Jefferson Lerma,20711,,https://www.rotowire.com/soccer/player/jefferson-lerma-20711
2026-06-25T15:04:00Z,June 277:30 PM ET,2026-06-27,COL,POR,Predicted Lineup,Predicted Lineup,COL,home,FWL,Luis Diaz,28527,,https://www.rotowire.com/soccer/player/luis-diaz-28527
2026-06-25T15:04:00Z,June 277:30 PM ET,2026-06-27,COL,POR,Predicted Lineup,Predicted Lineup,COL,home,FWR,James Rodriguez,17298,,https://www.rotowire.com/soccer/player/james-rodriguez-17298
2026-06-25T15:04:00Z,June 277:30 PM ET,2026-06-27,COL,POR,Predicted Lineup,Predicted Lineup,COL,home,FW,Luis Suarez,33128,,https://www.rotowire.com/soccer/player/luis-suarez-33128
2026-06-25T15:04:00Z,June 277:30 PM ET,2026-06-27,COL,POR,Predicted Lineup,Predicted Lineup,POR,away,GK,Diogo Costa,25195,,https://www.rotowire.com/soccer/player/diogo-costa-25195
2026-06-25T15:04:00Z,June 277:30 PM ET,2026-06-27,COL,POR,Predicted Lineup,Predicted Lineup,POR,away,DL,Nuno Mendes,34799,,https://www.rotowire.com/soccer/player/nuno-mendes-34799
2026-06-25T15:04:00Z,June 277:30 PM ET,2026-06-27,COL,POR,Predicted Lineup,Predicted Lineup,POR,away,DC,Renato Veiga,36576,,https://www.rotowire.com/soccer/player/renato-veiga-36576
2026-06-25T15:04:00Z,June 277:30 PM ET,2026-06-27,COL,POR,Predicted Lineup,Predicted Lineup,POR,away,DC,Ruben Dias,21071,,https://www.rotowire.com/soccer/player/ruben-dias-21071
2026-06-25T15:04:00Z,June 277:30 PM ET,2026-06-27,COL,POR,Predicted Lineup,Predicted Lineup,POR,away,DR,Joao Cancelo,19507,,https://www.rotowire.com/soccer/player/joao-cancelo-19507
2026-06-25T15:04:00Z,June 277:30 PM ET,2026-06-27,COL,POR,Predicted Lineup,Predicted Lineup,POR,away,DMC,Vitinha,30864,,https://www.rotowire.com/soccer/player/vitinha-30864
2026-06-25T15:04:00Z,June 277:30 PM ET,2026-06-27,COL,POR,Predicted Lineup,Predicted Lineup,POR,away,DMC,Joao Neves,38810,,https://www.rotowire.com/soccer/player/joao-neves-38810
2026-06-25T15:04:00Z,June 277:30 PM ET,2026-06-27,COL,POR,Predicted Lineup,Predicted Lineup,POR,away,AML,Joao Felix,26965,,https://www.rotowire.com/soccer/player/joao-felix-26965
2026-06-25T15:04:00Z,June 277:30 PM ET,2026-06-27,COL,POR,Predicted Lineup,Predicted Lineup,POR,away,AMC,Bruno Fernandes,21086,,https://www.rotowire.com/soccer/player/bruno-fernandes-21086
2026-06-25T15:04:00Z,June 277:30 PM ET,2026-06-27,COL,POR,Predicted Lineup,Predicted Lineup,POR,away,AMR,Pedro Neto,25329,,https://www.rotowire.com/soccer/player/pedro-neto-25329
2026-06-25T15:04:00Z,June 277:30 PM ET,2026-06-27,COL,POR,Predicted Lineup,Predicted Lineup,POR,away,FW,Cristiano Ronaldo,1279,,https://www.rotowire.com/soccer/player/cristiano-ronaldo-1279
2026-06-25T15:04:00Z,June 277:30 PM ET,2026-06-27,COD,UZB,Predicted Lineup,Predicted Lineup,COD,home,GK,Lionel Mpasi,46713,,https://www.rotowire.com/soccer/player/lionel-mpasi-46713
2026-06-25T15:04:00Z,June 277:30 PM ET,2026-06-27,COD,UZB,Predicted Lineup,Predicted Lineup,COD,home,DL,Arthur Masuaku,17980,,https://www.rotowire.com/soccer/player/arthur-masuaku-17980
2026-06-25T15:04:00Z,June 277:30 PM ET,2026-06-27,COD,UZB,Predicted Lineup,Predicted Lineup,COD,home,DC,Chancel Mbemba,19149,,https://www.rotowire.com/soccer/player/chancel-mbemba-19149
2026-06-25T15:04:00Z,June 277:30 PM ET,2026-06-27,COD,UZB,Predicted Lineup,Predicted Lineup,COD,home,DC,Axel Tuanzebe,19578,,https://www.rotowire.com/soccer/player/axel-tuanzebe-19578
2026-06-25T15:04:00Z,June 277:30 PM ET,2026-06-27,COD,UZB,Predicted Lineup,Predicted Lineup,COD,home,DC,Steve Kapuadi,48192,,https://www.rotowire.com/soccer/player/steve-kapuadi-48192
2026-06-25T15:04:00Z,June 277:30 PM ET,2026-06-27,COD,UZB,Predicted Lineup,Predicted Lineup,COD,home,DR,Aaron Wan-Bissaka,23609,,https://www.rotowire.com/soccer/player/aaron-wan-bissaka-23609
2026-06-25T15:04:00Z,June 277:30 PM ET,2026-06-27,COD,UZB,Predicted Lineup,Predicted Lineup,COD,home,MC,Samuel Moutoussamy,24821,,https://www.rotowire.com/soccer/player/samuel-moutoussamy-24821
2026-06-25T15:04:00Z,June 277:30 PM ET,2026-06-27,COD,UZB,Predicted Lineup,Predicted Lineup,COD,home,MC,Edo Kayembe,36171,,https://www.rotowire.com/soccer/player/edo-kayembe-36171
2026-06-25T15:04:00Z,June 277:30 PM ET,2026-06-27,COD,UZB,Predicted Lineup,Predicted Lineup,COD,home,MC,Noah Sadiki,40646,,https://www.rotowire.com/soccer/player/noah-sadiki-40646
2026-06-25T15:04:00Z,June 277:30 PM ET,2026-06-27,COD,UZB,Predicted Lineup,Predicted Lineup,COD,home,FW,Cedric Bakambu,20793,,https://www.rotowire.com/soccer/player/cedric-bakambu-20793
2026-06-25T15:04:00Z,June 277:30 PM ET,2026-06-27,COD,UZB,Predicted Lineup,Predicted Lineup,COD,home,FW,Yoane Wissa,21911,,https://www.rotowire.com/soccer/player/yoane-wissa-21911
2026-06-25T15:04:00Z,June 277:30 PM ET,2026-06-27,COD,UZB,Predicted Lineup,Predicted Lineup,UZB,away,GK,Abduvohid Ne'matov,43750,,https://www.rotowire.com/soccer/player/abduvohid-nematov-43750
2026-06-25T15:04:00Z,June 277:30 PM ET,2026-06-27,COD,UZB,Predicted Lineup,Predicted Lineup,UZB,away,DC,Abdulla Abdullaev,48155,,https://www.rotowire.com/soccer/player/abdulla-abdullaev-48155
2026-06-25T15:04:00Z,June 277:30 PM ET,2026-06-27,COD,UZB,Predicted Lineup,Predicted Lineup,UZB,away,DC,Abdukodir Khusanov,40143,,https://www.rotowire.com/soccer/player/abdukodir-khusanov-40143
2026-06-25T15:04:00Z,June 277:30 PM ET,2026-06-27,COD,UZB,Predicted Lineup,Predicted Lineup,UZB,away,DC,Rustamjon Ashurmatov,32183,,https://www.rotowire.com/soccer/player/rustamjon-ashurmatov-32183
2026-06-25T15:04:00Z,June 277:30 PM ET,2026-06-27,COD,UZB,Predicted Lineup,Predicted Lineup,UZB,away,ML,Khojiakbar Alijonov,48149,,https://www.rotowire.com/soccer/player/khojiakbar-alijonov-48149
2026-06-25T15:04:00Z,June 277:30 PM ET,2026-06-27,COD,UZB,Predicted Lineup,Predicted Lineup,UZB,away,MC,Akmal Mozgovoy,48153,,https://www.rotowire.com/soccer/player/akmal-mozgovoy-48153
2026-06-25T15:04:00Z,June 277:30 PM ET,2026-06-27,COD,UZB,Predicted Lineup,Predicted Lineup,UZB,away,MC,Otabek Shukurov,48162,,https://www.rotowire.com/soccer/player/otabek-shukurov-48162
2026-06-25T15:04:00Z,June 277:30 PM ET,2026-06-27,COD,UZB,Predicted Lineup,Predicted Lineup,UZB,away,MR,Bekhruz Karimov,48481,,https://www.rotowire.com/soccer/player/bekhruz-karimov-48481
2026-06-25T15:04:00Z,June 277:30 PM ET,2026-06-27,COD,UZB,Predicted Lineup,Predicted Lineup,UZB,away,AMC,Abbosbek Fayzullaev,43681,,https://www.rotowire.com/soccer/player/abbosbek-fayzullaev-43681
2026-06-25T15:04:00Z,June 277:30 PM ET,2026-06-27,COD,UZB,Predicted Lineup,Predicted Lineup,UZB,away,AMC,Aziz Ganiev,48154,,https://www.rotowire.com/soccer/player/aziz-ganiev-48154
2026-06-25T15:04:00Z,June 277:30 PM ET,2026-06-27,COD,UZB,Predicted Lineup,Predicted Lineup,UZB,away,FW,Eldor Shomurodov,33397,,https://www.rotowire.com/soccer/player/eldor-shomurodov-33397
2026-06-25T15:04:00Z,June 2710:00 PM ET,2026-06-27,ALG,AUT,Predicted Lineup,Predicted Lineup,ALG,home,GK,Luca Zidane,25245,,https://www.rotowire.com/soccer/player/luca-zidane-25245
2026-06-25T15:04:00Z,June 2710:00 PM ET,2026-06-27,ALG,AUT,Predicted Lineup,Predicted Lineup,ALG,home,DL,Rayan Ait-Nouri,25771,,https://www.rotowire.com/soccer/player/rayan-ait-nouri-25771
2026-06-25T15:04:00Z,June 2710:00 PM ET,2026-06-27,ALG,AUT,Predicted Lineup,Predicted Lineup,ALG,home,DC,Aissa Mandi,17651,,https://www.rotowire.com/soccer/player/aissa-mandi-17651
2026-06-25T15:04:00Z,June 2710:00 PM ET,2026-06-27,ALG,AUT,Predicted Lineup,Predicted Lineup,ALG,home,DC,Ramy Bensebaini,20296,,https://www.rotowire.com/soccer/player/ramy-bensebaini-20296
2026-06-25T15:04:00Z,June 2710:00 PM ET,2026-06-27,ALG,AUT,Predicted Lineup,Predicted Lineup,ALG,home,DR,Rafik Belghali,46855,,https://www.rotowire.com/soccer/player/rafik-belghali-46855
2026-06-25T15:04:00Z,June 2710:00 PM ET,2026-06-27,ALG,AUT,Predicted Lineup,Predicted Lineup,ALG,home,DMC,Hicham Boudaoui,29694,,https://www.rotowire.com/soccer/player/hicham-boudaoui-29694
2026-06-25T15:04:00Z,June 2710:00 PM ET,2026-06-27,ALG,AUT,Predicted Lineup,Predicted Lineup,ALG,home,DMC,Nabil Bentaleb,17376,,https://www.rotowire.com/soccer/player/nabil-bentaleb-17376
2026-06-25T15:04:00Z,June 2710:00 PM ET,2026-06-27,ALG,AUT,Predicted Lineup,Predicted Lineup,ALG,home,AML,Fares Chaibi,37373,,https://www.rotowire.com/soccer/player/fares-chaibi-37373
2026-06-25T15:04:00Z,June 2710:00 PM ET,2026-06-27,ALG,AUT,Predicted Lineup,Predicted Lineup,ALG,home,AMC,Ibrahim Maza,38959,,https://www.rotowire.com/soccer/player/ibrahim-maza-38959
2026-06-25T15:04:00Z,June 2710:00 PM ET,2026-06-27,ALG,AUT,Predicted Lineup,Predicted Lineup,ALG,home,AMR,Riyad Mahrez,17660,,https://www.rotowire.com/soccer/player/riyad-mahrez-17660
2026-06-25T15:04:00Z,June 2710:00 PM ET,2026-06-27,ALG,AUT,Predicted Lineup,Predicted Lineup,ALG,home,FW,Amine Gouiri,25372,,https://www.rotowire.com/soccer/player/amine-gouiri-25372
2026-06-25T15:04:00Z,June 2710:00 PM ET,2026-06-27,ALG,AUT,Predicted Lineup,Predicted Lineup,AUT,away,GK,Alexander Schlager,30296,,https://www.rotowire.com/soccer/player/alexander-schlager-30296
2026-06-25T15:04:00Z,June 2710:00 PM ET,2026-06-27,ALG,AUT,Predicted Lineup,Predicted Lineup,AUT,away,DL,Konrad Laimer,24583,,https://www.rotowire.com/soccer/player/konrad-laimer-24583
2026-06-25T15:04:00Z,June 2710:00 PM ET,2026-06-27,ALG,AUT,Predicted Lineup,Predicted Lineup,AUT,away,DC,Kevin Danso,23618,,https://www.rotowire.com/soccer/player/kevin-danso-23618
2026-06-25T15:04:00Z,June 2710:00 PM ET,2026-06-27,ALG,AUT,Predicted Lineup,Predicted Lineup,AUT,away,DC,David Alaba,17165,,https://www.rotowire.com/soccer/player/david-alaba-17165
2026-06-25T15:04:00Z,June 2710:00 PM ET,2026-06-27,ALG,AUT,Predicted Lineup,Predicted Lineup,AUT,away,DR,Stefan Posch,23594,,https://www.rotowire.com/soccer/player/stefan-posch-23594
2026-06-25T15:04:00Z,June 2710:00 PM ET,2026-06-27,ALG,AUT,Predicted Lineup,Predicted Lineup,AUT,away,DMC,Xaver Schlager,29096,,https://www.rotowire.com/soccer/player/xaver-schlager-29096
2026-06-25T15:04:00Z,June 2710:00 PM ET,2026-06-27,ALG,AUT,Predicted Lineup,Predicted Lineup,AUT,away,DMC,Nicolas Seiwald,33490,,https://www.rotowire.com/soccer/player/nicolas-seiwald-33490
2026-06-25T15:04:00Z,June 2710:00 PM ET,2026-06-27,ALG,AUT,Predicted Lineup,Predicted Lineup,AUT,away,AML,Marcel Sabitzer,21419,,https://www.rotowire.com/soccer/player/marcel-sabitzer-21419
2026-06-25T15:04:00Z,June 2710:00 PM ET,2026-06-27,ALG,AUT,Predicted Lineup,Predicted Lineup,AUT,away,AMC,Paul Wanner,36191,,https://www.rotowire.com/soccer/player/paul-wanner-36191
2026-06-25T15:04:00Z,June 2710:00 PM ET,2026-06-27,ALG,AUT,Predicted Lineup,Predicted Lineup,AUT,away,AMR,Romano Schmid,27048,,https://www.rotowire.com/soccer/player/romano-schmid-27048
2026-06-25T15:04:00Z,June 2710:00 PM ET,2026-06-27,ALG,AUT,Predicted Lineup,Predicted Lineup,AUT,away,FW,Marko Arnautovic,17250,,https://www.rotowire.com/soccer/player/marko-arnautovic-17250
2026-06-25T15:04:00Z,June 2710:00 PM ET,2026-06-27,JOR,ARG,Predicted Lineup,Predicted Lineup,JOR,home,GK,Yazeed Mo'ien Hasan Abulaila,48056,,https://www.rotowire.com/soccer/player/yazeed-moien-hasan-abulaila-48056
2026-06-25T15:04:00Z,June 2710:00 PM ET,2026-06-27,JOR,ARG,Predicted Lineup,Predicted Lineup,JOR,home,DC,Husam Ali Mohammad Abu Dahab,48058,,https://www.rotowire.com/soccer/player/husam-ali-mohammad-abu-dahab-48058
2026-06-25T15:04:00Z,June 2710:00 PM ET,2026-06-27,JOR,ARG,Predicted Lineup,Predicted Lineup,JOR,home,DC,Abdallah Mousa Musallam Nasib,48040,,https://www.rotowire.com/soccer/player/abdallah-mousa-musallam-nasib-48040
2026-06-25T15:04:00Z,June 2710:00 PM ET,2026-06-27,JOR,ARG,Predicted Lineup,Predicted Lineup,JOR,home,DC,Yazan Al-Arab,48200,,https://www.rotowire.com/soccer/player/yazan-al-arab-48200
2026-06-25T15:04:00Z,June 2710:00 PM ET,2026-06-27,JOR,ARG,Predicted Lineup,Predicted Lineup,JOR,home,ML,Mohannad Abu Taha,48059,,https://www.rotowire.com/soccer/player/mohannad-abu-taha-48059
2026-06-25T15:04:00Z,June 2710:00 PM ET,2026-06-27,JOR,ARG,Predicted Lineup,Predicted Lineup,JOR,home,MC,Noor Al Rawabdeh,48485,,https://www.rotowire.com/soccer/player/noor-al-rawabdeh-48485
2026-06-25T15:04:00Z,June 2710:00 PM ET,2026-06-27,JOR,ARG,Predicted Lineup,Predicted Lineup,JOR,home,MC,Nizar Mahmoud Ahmed Al Rashdan,48039,,https://www.rotowire.com/soccer/player/nizar-mahmoud-ahmed-al-rashdan-48039
2026-06-25T15:04:00Z,June 2710:00 PM ET,2026-06-27,JOR,ARG,Predicted Lineup,Predicted Lineup,JOR,home,MR,Ehsan Haddad,48487,,https://www.rotowire.com/soccer/player/ehsan-haddad-48487
2026-06-25T15:04:00Z,June 2710:00 PM ET,2026-06-27,JOR,ARG,Predicted Lineup,Predicted Lineup,JOR,home,AMC,Mahmoud Al Mardi,48044,,https://www.rotowire.com/soccer/player/mahmoud-al-mardi-48044
2026-06-25T15:04:00Z,June 2710:00 PM ET,2026-06-27,JOR,ARG,Predicted Lineup,Predicted Lineup,JOR,home,AMC,Ali Olwan,48048,,https://www.rotowire.com/soccer/player/ali-olwan-48048
2026-06-25T15:04:00Z,June 2710:00 PM ET,2026-06-27,JOR,ARG,Predicted Lineup,Predicted Lineup,JOR,home,FW,Mousa Tamari,30444,,https://www.rotowire.com/soccer/player/mousa-tamari-30444
2026-06-25T15:04:00Z,June 2710:00 PM ET,2026-06-27,JOR,ARG,Predicted Lineup,Predicted Lineup,ARG,away,GK,Emiliano Martinez,17946,,https://www.rotowire.com/soccer/player/emiliano-martinez-17946
2026-06-25T15:04:00Z,June 2710:00 PM ET,2026-06-27,JOR,ARG,Predicted Lineup,Predicted Lineup,ARG,away,DL,Nicolas Tagliafico,25851,,https://www.rotowire.com/soccer/player/nicolas-tagliafico-25851
2026-06-25T15:04:00Z,June 2710:00 PM ET,2026-06-27,JOR,ARG,Predicted Lineup,Predicted Lineup,ARG,away,DC,Marcos Senesi,29956,,https://www.rotowire.com/soccer/player/marcos-senesi-29956
2026-06-25T15:04:00Z,June 2710:00 PM ET,2026-06-27,JOR,ARG,Predicted Lineup,Predicted Lineup,ARG,away,DC,Nicolas Otamendi,16395,,https://www.rotowire.com/soccer/player/nicolas-otamendi-16395
2026-06-25T15:04:00Z,June 2710:00 PM ET,2026-06-27,JOR,ARG,Predicted Lineup,Predicted Lineup,ARG,away,DR,Gonzalo Montiel,35510,,https://www.rotowire.com/soccer/player/gonzalo-montiel-35510
2026-06-25T15:04:00Z,June 2710:00 PM ET,2026-06-27,JOR,ARG,Predicted Lineup,Predicted Lineup,ARG,away,ML,Nicolas Gonzalez,26297,,https://www.rotowire.com/soccer/player/nicolas-gonzalez-26297
2026-06-25T15:04:00Z,June 2710:00 PM ET,2026-06-27,JOR,ARG,Predicted Lineup,Predicted Lineup,ARG,away,MC,Exequiel Palacios,30689,,https://www.rotowire.com/soccer/player/exequiel-palacios-30689
2026-06-25T15:04:00Z,June 2710:00 PM ET,2026-06-27,JOR,ARG,Predicted Lineup,Predicted Lineup,ARG,away,MC,Leandro Paredes,18459,,https://www.rotowire.com/soccer/player/leandro-paredes-18459
2026-06-25T15:04:00Z,June 2710:00 PM ET,2026-06-27,JOR,ARG,Predicted Lineup,Predicted Lineup,ARG,away,MR,Giuliano Simeone,35546,,https://www.rotowire.com/soccer/player/giuliano-simeone-35546
2026-06-25T15:04:00Z,June 2710:00 PM ET,2026-06-27,JOR,ARG,Predicted Lineup,Predicted Lineup,ARG,away,FW,Julian Alvarez,36366,,https://www.rotowire.com/soccer/player/julian-alvarez-36366
2026-06-25T15:04:00Z,June 2710:00 PM ET,2026-06-27,JOR,ARG,Predicted Lineup,Predicted Lineup,ARG,away,FW,Jose Lopez,47953,,https://www.rotowire.com/soccer/player/jose-lopez-47953
2026-06-25T15:04:00Z,June 283:00 PM ET,2026-06-28,RSA,CAN,Predicted Lineup,Predicted Lineup,RSA,home,GK,Ronwen Hayden Williams,35028,,https://www.rotowire.com/soccer/player/ronwen-hayden-williams-35028
2026-06-25T15:04:00Z,June 283:00 PM ET,2026-06-28,RSA,CAN,Predicted Lineup,Predicted Lineup,RSA,home,DL,Aubrey Modiba,48119,,https://www.rotowire.com/soccer/player/aubrey-modiba-48119
2026-06-25T15:04:00Z,June 283:00 PM ET,2026-06-28,RSA,CAN,Predicted Lineup,Predicted Lineup,RSA,home,DC,Mbekezeli Mbokazi,47498,,https://www.rotowire.com/soccer/player/mbekezeli-mbokazi-47498
2026-06-25T15:04:00Z,June 283:00 PM ET,2026-06-28,RSA,CAN,Predicted Lineup,Predicted Lineup,RSA,home,DC,Ime Okon,48126,,https://www.rotowire.com/soccer/player/ime-okon-48126
2026-06-25T15:04:00Z,June 283:00 PM ET,2026-06-28,RSA,CAN,Predicted Lineup,Predicted Lineup,RSA,home,DR,Khuliso Mudau,48121,,https://www.rotowire.com/soccer/player/khuliso-mudau-48121
2026-06-25T15:04:00Z,June 283:00 PM ET,2026-06-28,RSA,CAN,Predicted Lineup,Predicted Lineup,RSA,home,DMC,Thalente Mbatha,48110,,https://www.rotowire.com/soccer/player/thalente-mbatha-48110
2026-06-25T15:04:00Z,June 283:00 PM ET,2026-06-28,RSA,CAN,Predicted Lineup,Predicted Lineup,RSA,home,DMC,Teboho Mokoena,34978,,https://www.rotowire.com/soccer/player/teboho-mokoena-34978
2026-06-25T15:04:00Z,June 283:00 PM ET,2026-06-28,RSA,CAN,Predicted Lineup,Predicted Lineup,RSA,home,AML,Oswin Appollis,48120,,https://www.rotowire.com/soccer/player/oswin-appollis-48120
2026-06-25T15:04:00Z,June 283:00 PM ET,2026-06-28,RSA,CAN,Predicted Lineup,Predicted Lineup,RSA,home,AMC,Relebohile Mofokeng,48123,,https://www.rotowire.com/soccer/player/relebohile-mofokeng-48123
2026-06-25T15:04:00Z,June 283:00 PM ET,2026-06-28,RSA,CAN,Predicted Lineup,Predicted Lineup,RSA,home,AMR,Thapelo Maseko,48124,,https://www.rotowire.com/soccer/player/thapelo-maseko-48124
2026-06-25T15:04:00Z,June 283:00 PM ET,2026-06-28,RSA,CAN,Predicted Lineup,Predicted Lineup,RSA,home,FW,Evidence Makgopa,34966,,https://www.rotowire.com/soccer/player/evidence-makgopa-34966
2026-06-25T15:04:00Z,June 283:00 PM ET,2026-06-28,RSA,CAN,Predicted Lineup,Predicted Lineup,CAN,away,GK,Maxime Crepeau,19014,,https://www.rotowire.com/soccer/player/maxime-crepeau-19014
2026-06-25T15:04:00Z,June 283:00 PM ET,2026-06-28,RSA,CAN,Predicted Lineup,Predicted Lineup,CAN,away,DL,Richie Laryea,20906,,https://www.rotowire.com/soccer/player/richie-laryea-20906
2026-06-25T15:04:00Z,June 283:00 PM ET,2026-06-28,RSA,CAN,Predicted Lineup,Predicted Lineup,CAN,away,DC,Derek Cornelius,27254,,https://www.rotowire.com/soccer/player/derek-cornelius-27254
2026-06-25T15:04:00Z,June 283:00 PM ET,2026-06-28,RSA,CAN,Predicted Lineup,Predicted Lineup,CAN,away,DC,Luc De Fougerolles,39974,,https://www.rotowire.com/soccer/player/luc-de-fougerolles-39974
2026-06-25T15:04:00Z,June 283:00 PM ET,2026-06-28,RSA,CAN,Predicted Lineup,Predicted Lineup,CAN,away,DR,Alistair Johnston,30935,,https://www.rotowire.com/soccer/player/alistair-johnston-30935
2026-06-25T15:04:00Z,June 283:00 PM ET,2026-06-28,RSA,CAN,Predicted Lineup,Predicted Lineup,CAN,away,ML,Ali Ahmed,36660,,https://www.rotowire.com/soccer/player/ali-ahmed-36660
2026-06-25T15:04:00Z,June 283:00 PM ET,2026-06-28,RSA,CAN,Predicted Lineup,Predicted Lineup,CAN,away,MC,Nathan Saliba,34830,,https://www.rotowire.com/soccer/player/nathan-saliba-34830
2026-06-25T15:04:00Z,June 283:00 PM ET,2026-06-28,RSA,CAN,Predicted Lineup,Predicted Lineup,CAN,away,MC,Stephen Eustaquio,27045,,https://www.rotowire.com/soccer/player/stephen-eustaquio-27045
2026-06-25T15:04:00Z,June 283:00 PM ET,2026-06-28,RSA,CAN,Predicted Lineup,Predicted Lineup,CAN,away,MR,Tajon Buchanan,27186,,https://www.rotowire.com/soccer/player/tajon-buchanan-27186
2026-06-25T15:04:00Z,June 283:00 PM ET,2026-06-28,RSA,CAN,Predicted Lineup,Predicted Lineup,CAN,away,FW,Jonathan David,28653,,https://www.rotowire.com/soccer/player/jonathan-david-28653
2026-06-25T15:04:00Z,June 283:00 PM ET,2026-06-28,RSA,CAN,Predicted Lineup,Predicted Lineup,CAN,away,FW,Cyle Larin,19001,,https://www.rotowire.com/soccer/player/cyle-larin-19001
